Username,link,Type,Status,Script ,Account,Notes,,,reply rate ,%
erincdx,https://www.instagram.com/erincdx?igsh=MWU0eHBzczVqd2p1YQ==,medium creator ,Sent,Script 2,alexxisalmc,,,,script 1 : ,0%
lilouguenairee,https://www.instagram.com/lilouguenairee?igsh=Mnc0dHlmcDI1ZnJl,small creator ,Sent,Script 2,alexxisalmc,,,,script 2 : ,48%
mrtnceliaa,https://www.instagram.com/mrtnceliaa?igsh=azh1MG8wMWd0cnF0,small creator ,Sent,Script 2,alexxisalmc,,,,script 3 :,0%
ss_bchr,https://www.instagram.com/ss_bchr?igsh=cGtvM3FnM3Bsa2Fo,medium creator ,Sent,Script 2,alexxisalmc,,,,,
rose.crtl,https://www.instagram.com/rose.crtl?igsh=MWdyYmtyYzM2MXE0bg==,medium creator ,Talking - Cold,Script 2,alexxisalmc,,,,,
capucine.dly,https://www.instagram.com/capucine.dly?igsh=MWt3ZnEzYmY0OWd5aA==,small creator ,Talking - warm,Script 2,alexxisalmc,,,,,
othilie_bvf,https://www.instagram.com/othilie_bvf?igsh=MXh3ZnlsbGh0azZ6ag==,small creator ,Sent,Script 2,alexxisalmc,,,,,
othiliemj_,https://www.instagram.com/othiliemj_?igsh=M3I1Zzd3ZTlobjFr,small creator ,Sent,Script 2,alexxisalmc,,,,,
leyaa946,https://www.instagram.com/leyaa946?igsh=MWs4MDJxaXU5MGljdw==,small creator ,Talking - Cold,Script 2,alexxisalmc,,,,,
by.marytale,https://www.instagram.com/by.marytale?igsh=ZXI3bTRyMnBiNzBu,small creator ,Talking - Cold,Script 2,alexxisalmc,,,,,
viktoriamcl_,https://www.instagram.com/viktoriamcl_?igsh=MXBxYXVjOWw1c290cg==,small creator ,Talking - Cold,Script 2,alexxisalmc,,,,,
alina.gty,https://www.instagram.com/alina.gty?igsh=ZmFwcXh0NjlwNHQ1,small creator ,Talking - Cold,Script 2,alexxisalmc,,,,,
ae.l1e,https://www.instagram.com/ae.l1e?igsh=MWltem55ZXE5bW45cQ==,small creator ,Talking - Cold,Script 2,alexxisalmc,,,,,
kml_blood,https://www.instagram.com/kml_blood?igsh=YTB3dGJsemxzZ2lp,small creator ,Call booked ,Script 2,alexxisalmc,,,,,
dejonge_julie,https://www.instagram.com/dejonge_julie?igsh=MWk5cmsxcTUwcjBtcg==,small creator ,Sent,Script 2,alexxisalmc,,,,,
lounaaa.mrg,https://www.instagram.com/lounaaa.mrg?igsh=MW1lOGFqMjlnZzFwZA==,small creator ,Talking - Cold,Script 2,alexxisalmc,,,,,
jadeprtier,https://www.instagram.com/jadeprtier?igsh=bnV4Z2Jic25jOG5h,small creator ,Talking - warm,Script 2,alexxisalmc,,,,,
louise.vkrd,https://www.instagram.com/louise.vkrd?igsh=MW9zcnM3MnNuaG5yMA==,small creator ,Talking - Cold,Script 2,alexxisalmc,,,,,
magrsn,https://www.instagram.com/magrsn?igsh=MWV6ZTNtcGllazAxZA==,small creator ,Talking - Cold,Script 2,alexxisalmc,,,,,
julia_dalbert,https://www.instagram.com/julia_dalbert?igsh=M2dnYTg0ZnRncXZ5,medium creator ,Talking - Cold,Script 2,alexxisalmc,,,,,
louna_14_11,https://www.instagram.com/louna_14_11?igsh=ZzB4cXUydWxqemdp,small creator ,Sent,Script 2,alexxisalmc,,,,,
leana_stlc,https://www.instagram.com/leana_stlc?igsh=b2RkajYybThvNWVw,small creator ,Talking - Cold,Script 2,alexxisalmc,,,,,
iris_lbsr,https://www.instagram.com/iris_lbsr?igsh=MXYxaWV6dnVjYWo2Zw==,small creator ,Talking - Cold,Script 2,alexxisalmc,,,,,
_elisagn,https://www.instagram.com/_elisagn?igsh=bHU0bjhkNDcxeDk=,small creator ,Talking - Cold,Script 2,alexxisalmc,,,,,
crltcstj,https://www.instagram.com/crltcstj?igsh=a2R6cGk3N3Bta3Br,small creator ,Talking - Cold,Script 2,alexxisalmc,,,,,
leane_trq_,https://www.instagram.com/leane_trq_?igsh=bTR2MndjNDFiaHBz,small creator ,Talking - Cold,Script 2,alexxisalmc,,,,,
guihard_28,https://www.instagram.com/guihard_28?igsh=MTI4ZHVhYXcwYjhhaQ==,small creator ,Talking - Cold,Script 2,alexxisalmc,,,,,
maiwenn.vxa,https://www.instagram.com/maiwenn.vxa?igsh=MXAzaGhsOXZuZjU2eg==,small creator ,Sent,Script 2,alexxisalmc,,,,,
klervv_,https://www.instagram.com/klervv_?igsh=OG11NnAzbm42N29x,small creator ,Talking - Cold,Script 2,alexxisalmc,,,,,
laura.frmc,https://www.instagram.com/laura.frmc?igsh=MW1xdmtpemdjb20wbg==,small creator ,Sent,Script 2,alexxisalmc,,,,,
yuna.ylg,https://www.instagram.com/yuna.ylg?igsh=MWc1cGJsOWxxeGNqYQ==,small creator ,Sent,Script 2,alexxisalmc,,,,,
flogrrd,https://www.instagram.com/flogrrd?igsh=NmRrYmpqcDV5aHU1,small creator ,Talking - Cold,Script 2,alexxisalmc,,,,,
cla.cdma,https://www.instagram.com/cla.cdma?igsh=MTYzOW5idDU4YWluYw==,small creator ,Sent,Script 2,alexxisalmc,,,,,
marine.jojoo,https://www.instagram.com/marine.jojoo?igsh=amFubmM1dnk2OXlp,small creator ,Sent,Script 2,alexxisalmc,,,,,
candydgr,https://www.instagram.com/candydgr?igsh=dDViaDQzZ2lyN21t,small creator ,Sent,Script 2,alexxisalmc,,,,,
lola_gcl,https://www.instagram.com/lola_gcl?igsh=YThldTd5eXRtZjBi,small creator ,Sent,Script 2,alexxisalmc,,,,,
emilie__dc,https://www.instagram.com/emilie__dc?igsh=ejMxcmcybTYwYmZm,small creator ,Sent,Script 2,alexxisalmc,,,,,
luciexf,https://www.instagram.com/luciexf?igsh=cDZoejh4ZHg2bmpx,small creator ,Talking - Cold,Script 2,alexxisalmc,,,,,
romy_bhrs,https://www.instagram.com/romy_bhrs?igsh=NTdxeDRhN2Rvdjdq,small creator ,Sent,Script 2,alexxisalmc,,,,,
marie.rodrriguez,https://www.instagram.com/marie.rodrriguez?igsh=MjRtd2MxNDE5bzJ1,small creator ,Talking - Cold,Script 2,alexxisalmc,,,,,
elina.evn,https://www.instagram.com/elina.evn?igsh=MXh2dXpqcnY4OTc0NQ==,small creator ,Talking - Cold,Script 2,alexxisalmc,,,,,
mano.njt_,https://www.instagram.com/mano.njt_?igsh=MTE5aGh2NWZ5YmE5ag==,small creator ,Sent,Script 2,alexxisalmc,,,,,
yaelle_emrd,https://www.instagram.com/yaelle_emrd?igsh=Y2dwZzl0eG4xYXBp,small creator ,Talking - Cold,Script 2,alexxisalmc,,,,,
tylia.prln,https://www.instagram.com/tylia.prln?igsh=MW9lZ2FxdTIwNHNoYw==,small creator ,Talking - Cold,Script 2,alexxisalmc,,,,,
flavie_thms,https://www.instagram.com/flavie_thms?igsh=MXVoZW9pOXgxN3BmaA==,small creator ,Talking - Cold,Script 2,alexxisalmc,,,,,
less.mag,https://www.instagram.com/less.mag?igsh=ZGpiMGJjbmZhZTVy,small creator ,Call booked ,Script 2,alexxisalmc,,,,,
cloe.fls,https://www.instagram.com/cloe.fls?igsh=bjQ4ZnFpaTg4NzU0,small creator ,Sent,Script 2,alexxisalmc,,,,,
floflo_grdl,https://www.instagram.com/floflo_grdl?igsh=MWd1N3Fvc2xiM2Zrag==,small creator ,Sent,Script 2,alexxisalmc,,,,,
_thais.grc_,https://www.instagram.com/_thais.grc_?igsh=bWRybmcyY21jb2xy,small creator ,Talking - Cold,Script 2,alexxisalmc,,,,,
louane_cst_,https://www.instagram.com/louane_cst_?igsh=bjQ4ZG0wcTRienNj,small creator ,Talking - Cold,Script 2,alexxisalmc,,,,,
maheva.lms,https://www.instagram.com/maheva.lms?igsh=MTh1ajJuZmNibDZ6bg==,small creator ,Sent,Script 2,alexxisalmc,,,,,
justine._lrd._,https://www.instagram.com/justine._lrd._?igsh=Y25saHBnOGZpcDZm,small creator ,Sent,Script 2,alexxisalmc,,,,,
juwski_,https://www.instagram.com/juwski_/,small creator ,Sent,Script 2,alexxisalmc,,,,,
loann.lem_,https://www.instagram.com/loann.lem_?igsh=MWhtN3NqZ2Qza3VoMg==,small creator ,Talking - Cold,Script 2,alexxisalmc,,,,,
lauraa_bdl,https://www.instagram.com/lauraa_bdl?igsh=MThwbXNwdnBqZDlxYQ==,small creator ,Talking - Cold,Script 2,alexxisalmc,,,,,
ines_priou,https://www.instagram.com/ines_priou?igsh=bHAwM3Rxa3pycGRr,small creator ,Talking - Cold,Script 2,alexxisalmc,,,,,
romane_rst_2,https://www.instagram.com/romane_rst_2?igsh=YXpmd21zc2pyYzll,small creator ,Talking - Cold,Script 2,alexxisalmc,,,,,
immaelys,https://www.instagram.com/immaelys?igsh=MWs1MmtsMnJzb2Y1YQ==,medium creator ,Sent,Script 2,alexxisalmc,,,,,
juliettte_lgr,https://www.instagram.com/juliettte_lgr?igsh=MWV0MHFnZTQ4cjV1dg==,small creator ,Sent,Script 2,alexxisalmc,,,,,
faustine.lcqss,https://www.instagram.com/faustine.lcqss?igsh=djkwdGg4a3lreXNr,small creator ,Talking - Cold,Script 2,alexxisalmc,,,,,
cha_armd_,https://www.instagram.com/cha_armd_?igsh=MWl3M2ZscWtybjB3eA==,small creator ,Talking - Cold,Script 2,alexxisalmc,,,,,
suzie_vskn,https://www.instagram.com/suzie_vskn?igsh=dHVucTRiOXU4YXYy,small creator ,Talking - Cold,Script 2,alexxisalmc,,,,,
lola_pltks,https://www.instagram.com/lola_pltks?igsh=MTVvZWdra3I3bnplYQ==,small creator ,Talking - Cold,Script 2,alexxisalmc,,,,,
mllouane_,https://www.instagram.com/mllouane_?igsh=bDYyaDY2MTcxbTNr,small creator ,Talking - Cold,Script 2,alexxisalmc,,,,,
09_maya_09,https://www.instagram.com/09_maya_09?igsh=MTV4and4aWFzbTYwdQ==,small creator ,Sent,Script 2,alexxisalmc,,,,,
jadekhl_,https://www.instagram.com/jadekhl_?igsh=OGF1MXR0dGx4cjNi,small creator ,Sent,Script 2,alexxisalmc,,,,,
elea_clo,https://www.instagram.com/elea_clo?igsh=MXFpNmNqNm42cmN1aw==,small creator ,Talking - Cold,Script 2,alexxisalmc,,,,,
lucie_odr,https://www.instagram.com/lucie_odr?igsh=N3kwcHNyMTJoZnF0,small creator ,Sent,Script 2,alexxisalmc,,,,,
maelle__lmn,https://www.instagram.com/maelle__lmn?igsh=Z3BpYTJlbXl4Y3Rz,small creator ,Talking - Cold,Script 2,alexxisalmc,,,,,
kali_pdv,https://www.instagram.com/kali_pdv?igsh=ODV2MWVhOG1nNnBk,small creator ,Sent,Script 2,alexxisalmc,,,,,
elisabeth.dbrr,https://www.instagram.com/elisabeth.dbrr?igsh=MXgyNnkzaTVpMGxldQ==,small creator ,Sent,Script 2,alexxisalmc,,,,,
marie._.lct,https://www.instagram.com/marie._.lct?igsh=cnFzajZ0dmJ2ZDd1,small creator ,Talking - Cold,Script 2,alexxisalmc,,,,,
alishia._.harrington,https://www.instagram.com/alishia._.harrington?igsh=MXJmaXM4NW1kZmwxdw==,small creator ,Sent,Script 2,alexxisalmc,,,,,
clara__drtt,https://www.instagram.com/clara__drtt?igsh=MWl6NHAwYml4MjN3ZA==,small creator ,Sent,Script 2,alexxisalmc,,,,,
manuela__rta,https://www.instagram.com/manuela__rta?igsh=Njg0amdzdjIwMG1x,small creator ,Sent,Script 2,alexxisalmc,,,,,
tiphaineforet,https://www.instagram.com/tiphaineforet?igsh=MWwweGN4dDQzMXNxbw==,small creator ,Sent,Script 2,alexxisalmc,,,,,
juliette.lnds,https://www.instagram.com/juliette.lnds?igsh=cng3dWV4eHJ1a2Rw,small creator ,Sent,Script 2,alexxisalmc,,,,,
maelangtr,https://www.instagram.com/maelangtr?igsh=eWd6ZmZsMHQzNmhj,small creator ,Sent,Script 2,alexxisalmc,,,,,
agathe.cvl,https://www.instagram.com/agathe.cvl?igsh=MWN0ZWw1dGozdXJmNA==,small creator ,Talking - Cold,Script 2,alexxisalmc,,,,,
rr_o_mm_y_,https://www.instagram.com/rr_o_mm_y_?igsh=MWNsbWk3Y3poZ3BybQ==,small creator ,Sent,Script 2,alexxisalmc,,,,,
enola_mly,https://www.instagram.com/enola_mly?igsh=anV1YWlrOG43ZmJj,small creator ,Talking - Cold,Script 2,alexxisalmc,,,,,
louisebrngr,https://www.instagram.com/louisebrngr?igsh=eXB3OGFibzFiMHM=,small creator ,Sent,Script 2,alexxisalmc,,,,,
l.oannali,https://www.instagram.com/l.oannali?igsh=YXNhcXBxZTBkOWI=,small creator ,Sent,Script 2,alexxisalmc,,,,,
manon.ab2,https://www.instagram.com/manon.ab2?igsh=eGF4eTB4c3BmaDdu,small creator ,Sent,Script 2,alexxisalmc,,,,,
lunapoiraud,https://www.instagram.com/lunapoiraud?igsh=MTViZWRvbWpvd2Ztaw==,small creator ,Sent,Script 2,alexxisalmc,,,,,
_embrza,https://www.instagram.com/_embrza?igsh=enVsYnR2cG1xaHh5,small creator ,Sent,Script 2,alexxisalmc,,,,,
cassie_blh,https://www.instagram.com/cassie_blh?igsh=MXdvbTBrenkxODJuZg==,small creator ,Talking - Cold,Script 2,alexxisalmc,,,,,
oana_tr,https://www.instagram.com/oana_tr?igsh=cmtrcW8xMTduc3l1,small creator ,Talking - warm,Script 2,alexxisalmc,,,,,
camille_ermcr,https://www.instagram.com/camille_ermcr?igsh=MTYzMDZpbGZoZjRxaA==,small creator ,Sent,Script 2,alexxisalmc,,,,,
auroreklt,https://www.instagram.com/auroreklt?igsh=cjFpb2UxcWxzcjMx,small creator ,Sent,Script 2,alexxisalmc,,,,,
marieegvs,https://www.instagram.com/marieegvs?igsh=MXhvdG53endoYzl4dA==,small creator ,Sent,Script 2,alexxisalmc,,,,,
ahilaa._,https://www.instagram.com/ahilaa._?igsh=eWVldjFhem9lOHBw,small creator ,Talking - Cold,Script 2,alexxisalmc,,,,,
chloel578,https://www.instagram.com/chloel578?igsh=MWdtdmk5ZXdqNG9pbQ==,small creator ,Talking - Cold,Script 2,alexxisalmc,,,,,
vanessavieiraxo,https://www.instagram.com/vanessavieiraxo?igsh=aGM0bWp6Zzh4YmU2,small creator ,Talking - Cold,Script 2,alexxisalmc,,,,,
capri.s4,https://www.instagram.com/capri.s4?igsh=YXo4ZjQ1eDVwajh1,small creator ,Talking - Cold,Script 2,alexxisalmc,,,,,
aur._.drd,https://www.instagram.com/aur._.drd?igsh=MTlndnUzeG02a2thcw==,small creator ,Sent,Script 2,alexxisalmc,,,,,
roxanedlr,https://www.instagram.com/roxanedlr?igsh=MWlmZ2pxaDl3dGtyOA==,small creator ,Sent,Script 2,alexxisalmc,,,,,
anouk.rr,https://www.instagram.com/anouk.rr?igsh=ZXZicGxma3pwMWVl,small creator ,Sent,Script 2,alexxisalmc,,,,,
oceanebdtt,https://www.instagram.com/oceanebdtt?igsh=MTViczZ6anRoNnRrbw==,small creator ,Sent,Script 2,alexxisalmc,,,,,
justine_ldr,https://www.instagram.com/justine_ldr?igsh=MTVqcGFjYzNndXhnYg==,small creator ,Talking - Cold,Script 2,alexxisalmc,,,,,
_lilou.cn_,https://www.instagram.com/_lilou.cn_?igsh=am0xZG9hNmFsZjJ4,small creator ,Sent,Script 2,alexxisalmc,,,,,
kelly.dbt,https://www.instagram.com/kelly.dbt?igsh=Z3FneTduODgydHpn,small creator ,Sent,Script 2,alexxisalmc,,,,,
mae._hr,https://www.instagram.com/mae._hr?igsh=ejY1ZDhqdWJoeXc0,small creator ,Sent,Script 2,alexxisalmc,,,,,
victxriaa_m,https://www.instagram.com/victxriaa_m?igsh=eXJrOThxOGdiMGc=,small creator ,Sent,Script 2,alexxisalmc,,,,,
mrl_cllj,https://www.instagram.com/mrl_cllj?igsh=NDk5bnh3b2JrdWdo,small creator ,Talking - Cold,Script 2,alexxisalmc,,,,,
eloise.odin,https://www.instagram.com/eloise.odin?igsh=anVyeG1veDhwbXA2,small creator ,Talking - Cold,Script 2,alexxisalmc,,,,,
juste_elise83,https://www.instagram.com/juste_elise83?igsh=dG1pdGx0cXowMDg3,small creator ,Sent,Script 2,alexxisalmc,,,,,
runaokami,https://www.instagram.com/runaokami?igsh=MTZnZTF1MXp5eWE1cw==,small creator ,Sent,Script 2,alexxisalmc,,,,,
silvalynndaa,https://www.instagram.com/silvalynndaa?igsh=M2lpY2Jzc2d5eWFo,small creator ,Talking - Cold,Script 2,alexxisalmc,,,,,
lucievtr,https://www.instagram.com/lucievtr?igsh=MW9yeTl0N2k1aWFibQ==,small creator ,Talking - Cold,Script 2,alexxisalmc,,,,,
athenais_rncg,https://www.instagram.com/athenais_rncg?igsh=aWc5bmVhbTlsYnpp,small creator ,Sent,Script 2,alexxisalmc,,,,,
ev.aclt,https://www.instagram.com/ev.aclt?igsh=YTF6a3RqOWZzNGs4,small creator ,Talking - Cold,Script 2,alexxisalmc,,,,,
em1l1ejolie,https://www.instagram.com/em1l1ejolie?igsh=MWwxbHZncGdoYmlmeA==,small creator ,Talking - Cold,Script 2,alexxisalmc,,,,,
marine__ptrr,https://www.instagram.com/marine__ptrr?igsh=MTJoeXZ4OWRzdGhmNg==,small creator ,Sent,Script 2,alexxisalmc,,,,,
elisa____amr,https://www.instagram.com/elisa____amr?igsh=b3k5cHEza3loanI2,small creator ,Talking - Cold,Script 2,alexxisalmc,,,,,
rsllvsn,https://www.instagram.com/rsllvsn?igsh=M2h4NXhheDliMG0x,small creator ,Talking - Cold,Script 2,alexxisalmc,,,,,
morgane_gas,https://www.instagram.com/morgane_gas?igsh=Mm1yYWF6YnRseXM3,small creator ,Sent,Script 2,alexxisalmc,,,,,
thalya.lsn,https://www.instagram.com/thalya.lsn?igsh=MWJrODh1aGllbTZxZw==,small creator ,Sent,Script 2,alexxisalmc,,,,,
caaarla_56,https://www.instagram.com/caaarla_56?igsh=MWtvZHFpN2lzN2s3OA==,small creator ,Sent,Script 2,alexxisalmc,,,,,
emma_lzo,https://www.instagram.com/emma_lzo?igsh=NGtwaXhveTlvenJv,small creator ,Sent,Script 2,alexxisalmc,,,,,
sarah_capello,https://www.instagram.com/sarah_capello?igsh=MW05bTN0cmdudnVhZg==,small creator ,Sent,Script 2,alexxisalmc,,,,,
jo_bct,https://www.instagram.com/jo_bct?igsh=MWsyM3dhODBsaDlvdg==,small creator ,Sent,Script 2,alexxisalmc,,,,,
amandinefdrk,https://www.instagram.com/amandinefdrk?igsh=MTF4NmNjNTdjYnVrZQ==,small creator ,Sent,Script 2,alexxisalmc,,,,,
elo.bgnt,https://www.instagram.com/elo.bgnt?igsh=Nm5jMzNxN3VjdnY1,small creator ,Sent,Script 2,alexxisalmc,,,,,
an.sk_0,https://www.instagram.com/an.sk_0?igsh=MWluZHZwanhuaG9idg==,small creator ,Sent,Script 2,alexxisalmc,,,,,
anais__clvr,https://www.instagram.com/anais__clvr?igsh=MTZ6czV1NTBjdWM2aA==,small creator ,Sent,Script 2,alexxisalmc,,,,,
noemiee.dc,https://www.instagram.com/noemiee.dc?igsh=MWo1bW92NXk0aG95Nw==,small creator ,Sent,Script 2,alexxisalmc,,,,,
clemence_trss,https://www.instagram.com/clemence_trss?igsh=dDd1Y2lveWllYXlo,small creator ,Talking - Cold,Script 2,alexxisalmc,,,,,
elisa_.svg,https://www.instagram.com/elisa_.svg?igsh=MWc1czkzdDQzNmJ2Zg==,small creator ,Talking - Cold,Script 2,alexxisalmc,,,,,
lou.tne,https://www.instagram.com/lou.tne?igsh=MXZreDJxOHdhMmNobg==,small creator ,Talking - Cold,Script 2,alexxisalmc,,,,,
cassye_ml,https://www.instagram.com/cassye_ml?igsh=MXB3ZGRqa3R2NTJqYQ==,small creator ,Talking - Cold,Script 2,alexxisalmc,,,,,
mathilde.msx,https://www.instagram.com/mathilde.msx?igsh=MTFmd2JpdHVzZmpnbw==,small creator ,Sent,Script 2,alexxisalmc,,,,,
vanessa.dbcq,https://www.instagram.com/vanessa.dbcq?igsh=MWdmbGM5YmNxNml6aQ==,small creator ,Sent,Script 2,alexxisalmc,,,,,
adele_.tgnt,https://www.instagram.com/adele_.tgnt?igsh=MTF3N20zMTF4eDJ6dg==,small creator ,Talking - Cold,Script 2,alexxisalmc,,,,,
_charlotte_cnt,https://www.instagram.com/_charlotte_cnt?igsh=MTI2b3U3aXVlbzBrOQ==,small creator ,Talking - Cold,Script 2,alexxisalmc,,,,,
julia.mlhn,https://www.instagram.com/julia.mlhn?igsh=MWt6Y25nYndna2FpdQ==,small creator ,Sent,Script 2,alexxisalmc,,,,,
l1bn7,https://www.instagram.com/l1bn7?igsh=djM2YnpveW50Y3Zi,small creator ,Talking - Cold,Script 2,alexxisalmc,,,,,
tiahrnvl,https://www.instagram.com/tiahrnvl?igsh=MTR6MWp6dnluaXV4ZQ==,small creator ,Sent,Script 2,alexxisalmc,,,,,
angele_zmr,https://www.instagram.com/angele_zmr?igsh=bTZvbTZsY2RxbGhl,small creator ,Talking - Cold,Script 2,alexxisalmc,,,,,
maloe_.v,https://www.instagram.com/maloe_.v?igsh=Z292d2FqbW0zZHE2,small creator ,Sent,Script 2,alexxisalmc,,,,,
_eva_cls,https://www.instagram.com/_eva_cls?igsh=c3RtdXljcTk2Zm1x,small creator ,Sent,Script 2,alexxisalmc,,,,,
giulia_pr9,https://www.instagram.com/giulia_pr9?igsh=MWpiNHIzaXF3c3Zwaw==,small creator ,Talking - Cold,Script 2,alexxisalmc,,,,,
clemence_cdrl,https://www.instagram.com/clemence_cdrl?igsh=MWtqMG4xYnIzOGQyYg==,small creator ,Talking - Cold,Script 2,alexxisalmc,,,,,
valentine_lucas_,https://www.instagram.com/valentine_lucas_?igsh=c3oxaGFiNHJzbWVh,small creator ,Sent,Script 2,alexxisalmc,,,,,
steyfiona,https://www.instagram.com/steyfiona?igsh=MXFzZGdhbmoycDJxZw==,small creator ,Sent,Script 2,alexxisalmc,,,,,
marine_langer,https://www.instagram.com/marine_langer?igsh=NWx0OGw3NHd5cHE=,small creator ,Talking - Cold,Script 2,alexxisalmc,,,,,
joad.e,https://www.instagram.com/joad.e?igsh=MXdybTNkaHF3MmlpbA==,small creator ,Talking - Cold,Script 2,alexxisalmc,,,,,
picturefromlu,https://www.instagram.com/picturefromlu?igsh=MXduazYwdTM3dWc0dA==,small creator ,Sent,Script 2,alexxisalmc,,,,,
alnbx5,https://www.instagram.com/alnbx5?igsh=Y2NwcWhnbWhqcXRt,small creator ,Sent,Script 2,alexxisalmc,,,,,
maillefaudjade,https://www.instagram.com/maillefaudjade?igsh=MWZyNnhreWI3bjNobg==,small creator ,Talking - Cold,Script 2,alexxisalmc,,,,,
jeanne.cst_,https://www.instagram.com/jeanne.cst_?igsh=MWk5YXJlaHpkdnl1cg==,small creator ,Sent,Script 2,alexxisalmc,,,,,
lana.cb2,https://www.instagram.com/lana.cb2?igsh=MjE5d3BzbzJqdzF5,small creator ,Talking - Cold,Script 2,alexxisalmc,,,,,
em_r777,https://www.instagram.com/em_r777?igsh=eGV0OXQ2aGhxNXht,small creator ,Sent,Script 2,alexxisalmc,,,,,
selma.ddlr,https://www.instagram.com/selma.ddlr?igsh=a2JnNXczY3hia3A=,small creator ,Talking - Cold,Script 2,alexxisalmc,,,,,
aaxelledlp,https://www.instagram.com/aaxelledlp?igsh=MTEwZ2VvejN0a3plcg==,small creator ,Sent,Script 2,alexxisalmc,,,,,
savananassss,https://www.instagram.com/savananassss?igsh=MWF4eThzcXhyc3E0Zw==,small creator ,Sent,Script 2,alexxisalmc,,,,,
elenaa_675,https://www.instagram.com/elenaa_675?igsh=N2N4NTR4djZ3ZTBi,small creator ,Talking - Cold,Script 2,alexxisalmc,,,,,
solene.trp,https://www.instagram.com/solene.trp?igsh=MXd3bWt5dnk1ZWlkcA==,small creator ,Sent,Script 2,alexxisalmc,,,,,
alex.wrnrt,https://www.instagram.com/alex.wrnrt?igsh=MWIxaDd1NGVqZzVn,small creator ,Talking - warm,Script 2,alexxisalmc,,,,,
meissa_dv,https://www.instagram.com/meissa_dv?igsh=MTJ2b2Rwd28zOWhyYQ==,small creator ,Talking - Cold,Script 2,alexxisalmc,,,,,
pinto_justine,https://www.instagram.com/pinto_justine?igsh=MWZvcWxmYjBmc29law==,small creator ,Signed,Script 2,alexxisalmc,,,,,
kylia2ne,https://www.instagram.com/kylia2ne?igsh=MXA0NXRjbDRyaHU3MA==,small creator ,Talking - Cold,Script 2,alexxisalmc,,,,,
elinaxb_,https://www.instagram.com/elinaxb_?igsh=aTZ4ajJiaHV4dnFu,small creator ,Sent,Script 2,alexxisalmc,,,,,
lya_mtss,https://www.instagram.com/lya_mtss?igsh=d2dxMGY2YTd2ajZp,small creator ,Talking - Cold,Script 2,alexxisalmc,,,,,
lenafrdz,https://www.instagram.com/lenafrdz?igsh=MWt2NmM2Znpqdjg4MQ==,small creator ,Talking - Cold,Script 2,alexxisalmc,,,,,
xwwa.zg,https://www.instagram.com/xwwa.zg?igsh=NGdtOTZqMDUyNjhv,small creator ,Talking - Cold,Script 2,alexxisalmc,,,,,
elsklp,https://www.instagram.com/elsklp?igsh=MXNwcGtycHBxc2NybQ==,small creator ,Sent,Script 2,alexxisalmc,,,,,
tchikiizz,https://www.instagram.com/tchikiizz?igsh=NHYzdWp0Y2Z0N3Zv,small creator ,Talking - Cold,Script 2,alexxisalmc,,,,,
sasaa.672,https://www.instagram.com/sasaa.672?igsh=MWhqcnQ5d3Jwc2loZA==,small creator ,Talking - Cold,Script 2,alexxisalmc,,,,,
_narccisa__,https://www.instagram.com/_narccisa__?igsh=MXZwcTRpOHp5NjBycQ==,small creator ,Talking - Cold,Script 2,alexxisalmc,,,,,
rmadolll,https://www.instagram.com/rmadolll?igsh=c3NwN2N1YXo3eDB6,small creator ,Talking - Cold,Script 2,alexxisalmc,,,,,
clara_dbt17,https://www.instagram.com/clara_dbt17?igsh=MWd3dXkwa2EzOXY3dQ==,small creator ,Sent,Script 2,alexxisalmc,,,,,
_kass_r,https://www.instagram.com/_kass_r?igsh=MWM1MXVoMXVxdjBpMw==,small creator ,Sent,Script 2,alexxisalmc,,,,,
leanemva,https://www.instagram.com/leanemva?igsh=cnZuNzk1MXM3b3c4,small creator ,Sent,Script 2,alexxisalmc,,,,,
usxrraa,https://www.instagram.com/usxrraa?igsh=M3lkM3ZkZGRyOHZ1,small creator ,Talking - Cold,Script 2,alexxisalmc,,,,,
mxgotloeb,https://www.instagram.com/mxgotloeb?igsh=OTVqZm12MTR2bGQ4,small creator ,Sent,Script 2,alexxisalmc,,,,,
alyssaclin,https://www.instagram.com/alyssaclin?igsh=aWJkNzdrd3RleHJ5,small creator ,Talking - Cold,Script 2,alexxisalmc,,,,,
nxrh_2,https://www.instagram.com/nxrh_2?igsh=MTZ2OXlndHIxaTl1dA==,small creator ,Sent,Script 2,alexxisalmc,,,,,
imac_mini_,https://www.instagram.com/imac_mini_?igsh=MXBqcnNsMjg1ejYwaQ==,small creator ,Sent,Script 2,alexxisalmc,,,,,
2coupelse,https://www.instagram.com/2coupelse?igsh=OWI2cG5qNDkzN3pz,small creator ,Talking - Cold,Script 2,alexxisalmc,,,,,
arbenita.mj,https://www.instagram.com/arbenita.mj?igsh=MXMwZTgyd2hwYzdqZw==,small creator ,Sent,Script 2,alexxisalmc,,,,,
evasterpin,https://www.instagram.com/evasterpin?igsh=NDlkN2Fmd3E5cGMx,small creator ,Sent,Script 2,alexxisalmc,,,,,
mariloudml,https://www.instagram.com/mariloudml?igsh=c2hwNjRlcmE1bGJp,small creator ,Sent,Script 2,alexxisalmc,,,,,
jn_n91,https://www.instagram.com/jn_n91?igsh=MXVocGg1YWYzYWxucQ==,small creator ,Talking - Cold,Script 2,alexxisalmc,,,,,
itsloua_e,https://www.instagram.com/itsloua_e?igsh=MWJudHlpc21rZmdwNA==,small creator ,Talking - Cold,Script 2,alexxisalmc,,,,,
srh_9.1,https://www.instagram.com/srh_9.1?igsh=MWJlM2loZ3A2bzdubA==,small creator ,Sent,Script 2,alexxisalmc,,,,,
callme6lla,https://www.instagram.com/callme6lla?igsh=cTRhYjJoYTZpZDUx,small creator ,Sent,Script 2,alexxisalmc,,,,,
ihategu,https://www.instagram.com/ihategu?igsh=MndpeXdqaW04emF2,small creator ,Sent,Script 2,alexxisalmc,,,,,
lunaa_105,https://www.instagram.com/lunaa_105?igsh=b3N3cmRzOGdxYTE2,small creator ,Sent,Script 2,alexxisalmc,,,,,
dolshyra,https://www.instagram.com/dolshyra?igsh=MThmNjViMDh5OXcydg==,small creator ,Sent,Script 2,alexxisalmc,,,,,
withnolaura,https://www.instagram.com/withnolaura?igsh=MW01bmttYzBjbjZ4dA==,small creator ,Sent,Script 2,alexxisalmc,,,,,
cha.frck,https://www.instagram.com/cha.frck?igsh=c2RqN3pvdmIxMXk4,small creator ,Talking - Cold,Script 2,alexxisalmc,,,,,
_ines.ld,https://www.instagram.com/_ines.ld?igsh=MXgyZXN3MjB6c2Z6Mg==,small creator ,Sent,Script 2,alexxisalmc,,,,,
youss.rxx,https://www.instagram.com/youss.rxx?igsh=M2l2aG9pY3QwdjEz,small creator ,Talking - Cold,Script 2,alexxisalmc,,,,,
bysaasou,https://www.instagram.com/bysaasou?igsh=MXFsaGthcGV3ZXJlMg==,small creator ,Sent,Script 2,alexxisalmc,,,,,
kaina692_,https://www.instagram.com/kaina692_?igsh=NDk1YTBjMmNnYWgy,small creator ,Talking - Cold,Script 2,alexxisalmc,,,,,
iiam.stl,https://www.instagram.com/iiam.stl?igsh=aTJuamJodGFwdnhr,small creator ,Sent,Script 2,alexxisalmc,,,,,
bellucii.rr,https://www.instagram.com/bellucii.rr?igsh=cGFtcHFiamZrZHQ0,small creator ,Talking - Cold,Script 2,alexxisalmc,,,,,
1luvsaint,https://www.instagram.com/1luvsaint?igsh=MWRiNDZ1eWhmcHV4dQ==,small creator ,Talking - Cold,Script 2,alexxisalmc,,,,,
paulinaa_ak,https://www.instagram.com/paulinaa_ak?igsh=MTFvaW1lcmw1NWM3bg==,small creator ,Talking - Cold,Script 2,alexxisalmc,,,,,
nora_gtkn,https://www.instagram.com/nora_gtkn?igsh=MXh3bmdwdWkxdmFxMQ==,small creator ,Talking - Cold,Script 2,alexxisalmc,,,,,
tx_nla,https://www.instagram.com/tx_nla?igsh=aW8xZXZibjh1ZXg=,small creator ,Talking - Cold,Script 2,alexxisalmc,,,,,
aureliesyn,https://www.instagram.com/aureliesyn?igsh=MXhuZDBmenVxZ2l2Zw==,small creator ,Talking - Cold,Script 2,alexxisalmc,,,,,
cmle_78,https://www.instagram.com/cmle_78?igsh=dXNtZmRtcTh6a2xu,small creator ,Talking - Cold,Script 2,alexxisalmc,,,,,
lena.dtnn,https://www.instagram.com/lena.dtnn?igsh=bzJ5d3Vpa3k4enp6,small creator ,Talking - Cold,Script 2,alexxisalmc,,,,,
ibxx.690,https://www.instagram.com/ibxx.690?igsh=MXd4anNzdW1jdnlmMw==,small creator ,Sent,Script 2,alexxisalmc,,,,,
2.6unknown,https://www.instagram.com/2.6unknown?igsh=MTE3MGprb3llMmwyNw==,small creator ,Talking - Cold,Script 2,alexxisalmc,,,,,
nssy.5,https://www.instagram.com/nssy.5?igsh=aDdiY2ZzYzA1M3Vp,small creator ,Sent,Script 2,alexxisalmc,,,,,
amoreeeee35,https://www.instagram.com/amoreeeee35?igsh=aDdlNTc5MnEwbDl4,small creator ,Talking - Cold,Script 2,alexxisalmc,,,,,
k._blrd,https://www.instagram.com/k._blrd?igsh=MXg0M2Q1eXJ2bXd6ZQ==,small creator ,Sent,Script 2,alexxisalmc,,,,,
paalooma.__,https://www.instagram.com/paalooma.__?igsh=MWZ6bDJ6azB4bHJzcQ==,small creator ,Talking - Cold,Script 2,alexxisalmc,,,,,
vaninasre,https://www.instagram.com/vaninasre?igsh=cTMyenVqM3E2NnVi,small creator ,Sent,Script 2,alexxisalmc,,,,,
l.louu__,https://www.instagram.com/l.louu__?igsh=NGltMXY0YzFhbzAw,small creator ,Talking - Cold,Script 2,alexxisalmc,,,,,
ilonaczjs,https://www.instagram.com/ilonaczjs?igsh=MWlrYmU1bXYydW41cw==,small creator ,Sent,Script 2,alexxisalmc,,,,,
_.noemie._clt,https://www.instagram.com/_.noemie._clt?igsh=MWQ1emRpdGU1bGozYw==,small creator ,Sent,Script 2,alexxisalmc,,,,,
juwlm_,https://www.instagram.com/juwlm_?igsh=MWpobHVsaDV6OXYx,small creator ,Talking - Cold,Script 2,alexxisalmc,,,,,
mxdibby,https://www.instagram.com/mxdibby?igsh=MWRiMW1ha3F1b3E2ZA==,small creator ,Talking - Cold,Script 2,alexxisalmc,,,,,
loevagll,https://www.instagram.com/loevagll?igsh=bWQ0aG80ZHpyZnpv,small creator ,Talking - Cold,Script 2,alexxisalmc,,,,,
shannasrg,https://www.instagram.com/shannasrg?igsh=MXJlemU3cnUzaHFmNg==,small creator ,Talking - Cold,Script 2,alexxisalmc,,,,,
glamourstoner,https://www.instagram.com/glamourstoner?igsh=cmd6MTd2cjNiNmVl,small creator ,Sent,Script 2,alexxisalmc,,,,,
ivananklc,https://www.instagram.com/ivananklc?igsh=eThoNXB2bWt5d3E5,small creator ,Sent,Script 2,alexxisalmc,,,,,
444mrll,https://www.instagram.com/444mrll?igsh=bHUydmx4b2trZW5u,small creator ,Sent,Script 2,alexxisalmc,,,,,
romane_rbgg,https://www.instagram.com/romane_rbgg?igsh=dW40dG04bGpwbDF3,small creator ,Sent,Script 2,alexxisalmc,,,,,
agneesk,https://www.instagram.com/agneesk?igsh=MTZuNXZ2ZDQ0aDlybw==,small creator ,Talking - Cold,Script 2,alexxisalmc,,,,,
_desty._,https://www.instagram.com/_desty._?igsh=cmtlYmVuZTg0enVt,small creator ,Sent,Script 2,alexxisalmc,,,,,
ssm_nk,https://www.instagram.com/ssm_nk?igsh=MXIzeTJlN3dneHhjMA==,small creator ,Talking - Cold,Script 2,alexxisalmc,,,,,
venissia599,https://www.instagram.com/venissia599?igsh=bnQ3NWF5d3p4aWpv,small creator ,Sent,Script 2,alexxisalmc,,,,,
elsielepoivre,https://www.instagram.com/elsielepoivre?igsh=d2xtNmNraDgxejky,small creator ,Sent,Script 2,alexxisalmc,,,,,
3.mawy,https://www.instagram.com/3.mawy?igsh=MXRmNnlkdXkyZzM3dA==,small creator ,Sent,Script 2,alexxisalmc,,,,,
amandine_htjs,https://www.instagram.com/amandine_htjs?igsh=emo4YTJ1dmx5bDdk,small creator ,Talking - Cold,Script 2,alexxisalmc,,,,,
srca____,https://www.instagram.com/srca____?igsh=Yms0bGR3YWg2cmk=,small creator ,Talking - Cold,Script 2,alexxisalmc,,,,,
laurina.csr,https://www.instagram.com/laurina.csr?igsh=NTRpbnN1ZDgxbWV6,small creator ,Talking - Cold,Script 2,alexxisalmc,,,,,
rsm.lb,https://www.instagram.com/rsm.lb?igsh=MTY0cGpzdWR5bGtjcw==,small creator ,Sent,Script 2,alexxisalmc,,,,,
gaelle.x_,https://www.instagram.com/gaelle.x_?igsh=N2d2eWR1cnk2bHc5,small creator ,Talking - Cold,Script 2,alexxisalmc,,,,,
abiiisola,https://www.instagram.com/abiiisola?igsh=MTZ3N215MmIya2RxaA==,small creator ,Sent,Script 2,alexxisalmc,,,,,
vicknt_,https://www.instagram.com/vicknt_?igsh=MWZuZDZlZ2gxbXhsMA==,small creator ,Talking - Cold,Script 2,alexxisalmc,,,,,
tiyatly,https://www.instagram.com/tiyatly?igsh=eTJ2d2hsNDZyZ3dw,small creator ,Talking - Cold,Script 2,alexxisalmc,,,,,
alycia.cdr,https://www.instagram.com/alycia.cdr?igsh=eGZ0dGJhdWVidG4=,small creator ,Sent,Script 2,alexxisalmc,,,,,
444_angele_,https://www.instagram.com/444_angele_?igsh=NHNqbGI1c2R0Nnlo,small creator ,Sent,Script 2,alexxisalmc,,,,,
nesssss1678,https://www.instagram.com/nesssss1678?igsh=bGZhNXpmbGJieWl5,small creator ,Talking - Cold,Script 2,alexxisalmc,,,,,
guigonee,https://www.instagram.com/guigonee?igsh=NTZweXJ3a2l6Mjl4,small creator ,Sent,Script 2,alexxisalmc,,,,,
nsk_jjm19,https://www.instagram.com/nsk_jjm19?igsh=MWZodG1tM2VkeWl1ag==,small creator ,Sent,Script 2,alexxisalmc,,,,,
sziyyk21_,https://www.instagram.com/sziyyk21_?igsh=MTdjbDl5NnZhaGFpaw==,small creator ,Sent,Script 2,alexxisalmc,,,,,
ssnl.ya,https://www.instagram.com/ssnl.ya?igsh=MW9qZHlqc2U3N3BsdA==,small creator ,Sent,Script 2,alexxisalmc,,,,,
maayyy.6,https://www.instagram.com/maayyy.6?igsh=MWJvYnk3MXRxaDJvcw==,small creator ,Sent,Script 2,alexxisalmc,,,,,
inesz.s,https://www.instagram.com/inesz.s?igsh=YmFsdnQ4ZzZ1ODE1,small creator ,Sent,Script 2,alexxisalmc,,,,,
l99.cb,https://www.instagram.com/l99.cb?igsh=MXBtc2R4d3Yzam5jeA==,small creator ,Sent,Script 2,alexxisalmc,,,,,
y.18ysm,https://www.instagram.com/y.18ysm?igsh=enppZHB4MjE2MHFq,small creator ,Sent,Script 2,alexxisalmc,,,,,
itsshayda,https://www.instagram.com/itsshayda?igsh=OHV2Y3EzYnZxaHZh,small creator ,Sent,Script 2,alexxisalmc,,,,,
my_ssa75,https://www.instagram.com/my_ssa75?igsh=YzBxM2NmeWtzNDQ=,small creator ,Talking - Cold,Script 2,alexxisalmc,,,,,
nehh_ow,https://www.instagram.com/nehh_ow?igsh=MTgxMGhjdm1ra3g2bQ==,small creator ,Talking - Cold,Script 2,alexxisalmc,,,,,
tess.ouille._,https://www.instagram.com/tess.ouille._?igsh=MWR5dzllcnA0a3Nrbg==,small creator ,Talking - Cold,Script 2,alexxisalmc,,,,,
barbiebrune31,https://www.instagram.com/barbiebrune31?igsh=MTl6bWZ6OGxyZWVvbA==,small creator ,Talking - Cold,Script 2,alexxisalmc,,,,,
fant0mlife,https://www.instagram.com/fant0mlife?igsh=NjgwYm95ZThmY3R0,small creator ,Talking - Cold,Script 2,alexxisalmc,,,,,
clara_.rst,https://www.instagram.com/clara_.rst?igsh=MWo5emw1aWl5eDM1NA==,small creator ,Talking - Cold,Script 2,alexxisalmc,,,,,
lexa.nha,https://www.instagram.com/lexa.nha?igsh=em5ubHNsN2g5YTV2,small creator ,Talking - Cold,Script 2,alexxisalmc,,,,,
k.0bl0,https://www.instagram.com/k.0bl0?igsh=MWtieDZ2a3RyZHpkaA==,small creator ,Sent,Script 2,alexxisalmc,,,,,
mims.bd,https://www.instagram.com/mims.bd?igsh=MW5wYmtrN2NnZndv,small creator ,Talking - Cold,Script 2,alexxisalmc,,,,,
chaabinee_1,https://www.instagram.com/chaabinee_1?igsh=eWE3MmY0bnEzemE1,small creator ,Sent,Script 2,alexxisalmc,,,,,
00.bxr,https://www.instagram.com/00.bxr?igsh=MXA0bnpyOWpwdDFmcg==,small creator ,Sent,Script 2,alexxisalmc,,,,,
yabouuki,https://www.instagram.com/yabouuki?igsh=MWUwbG56cGxla3BjNw==,small creator ,Sent,Script 2,alexxisalmc,,,,,
zw4ykk_,https://www.instagram.com/zw4ykk_?igsh=MTFlNXJ3c212cjl0YQ==,small creator ,Sent,Script 2,alexxisalmc,,,,,
nschwi69,https://www.instagram.com/nschwi69?igsh=MjUyczJodmcwY2Ro,small creator ,Sent,Script 2,alexxisalmc,,,,,
y3s_mss,https://www.instagram.com/y3s_mss?igsh=MWNodjdnb25qeWlnag==,small creator ,Talking - Cold,Script 2,alexxisalmc,,,,,
mayasoma__,https://www.instagram.com/mayasoma__?igsh=MWFlMmpiejVzNXhmaQ==,small creator ,Sent,Script 2,alexxisalmc,,,,,
sraa.e_,https://www.instagram.com/sraa.e_?igsh=MThicnA2MzZwanBuMQ==,small creator ,Sent,Script 2,alexxisalmc,,,,,
liiiyaah__,https://www.instagram.com/liiiyaah__?igsh=MWE1dWVvZ201bTB6dg==,small creator ,Sent,Script 2,alexxisalmc,,,,,
alys0nnnn,https://www.instagram.com/alys0nnnn?igsh=MXI2ZXJ5d2lyMDNsZg==,small creator ,Sent,Script 2,alexxisalmc,,,,,
n4wel_ee,https://www.instagram.com/n4wel_ee?igsh=dTM4dGJ3c3AxbTR4,small creator ,Sent,Script 2,alexxisalmc,,,,,
tagada69,https://www.instagram.com/tagada69?igsh=eHJvNHFuOHB6eWY0,small creator ,Talking - Cold,Script 2,alexxisalmc,,,,,
ysmn75i,https://www.instagram.com/ysmn75i?igsh=Y3l4eWw0dWgycDh0,small creator ,Talking - Cold,Script 2,alexxisalmc,,,,,
clobqt,https://www.instagram.com/clobqt?igsh=MTl1N2xxM3pkNmM1cg==,small creator ,Talking - Cold,Script 2,alexxisalmc,,,,,
e.eehlk,https://www.instagram.com/e.eehlk?igsh=MTY4d295bTVkbWx3dA==,small creator ,Talking - Cold,Script 2,alexxisalmc,,,,,
kaii_.13,https://www.instagram.com/kaii_.13?igsh=ZTNocXF5Y3Zib2s=,small creator ,Talking - Cold,Script 2,alexxisalmc,,,,,
nao__miiii,https://www.instagram.com/nao__miiii?igsh=MWZ4d2djZTVnczk2bA==,small creator ,Sent,Script 2,alexxisalmc,,,,,
celi.cld,https://www.instagram.com/celi.cld?igsh=MTRsZDUxOGNsanJlcg==,small creator ,Talking - Cold,Script 2,alexxisalmc,,,,,
big.jayd8,https://www.instagram.com/big.jayd8?igsh=bWk0eW16cWVsN2Vo,small creator ,Sent,Script 2,alexxisalmc,,,,,
rvniv_.2,https://www.instagram.com/rvniv_.2?igsh=MW9lb2RhbDh2cWE3OQ==,small creator ,Talking - Cold,Script 2,alexxisalmc,,,,,
ines_.mnn,https://www.instagram.com/ines_.mnn?igsh=MTdqd2Q0aXh6ZmJueA==,small creator ,Talking - Cold,Script 2,alexxisalmc,,,,,
_.mlkml,https://www.instagram.com/_.mlkml?igsh=bm1zOHUxemNiYWhy,small creator ,Talking - Cold,Script 2,alexxisalmc,,,,,
kmlia06,https://www.instagram.com/kmlia06?igsh=MXh4YXhoZXplZ3pteQ==,small creator ,Sent,Script 2,alexxisalmc,,,,,
mylahskk,https://www.instagram.com/mylahskk?igsh=MWFyMmt5Y2ljZ2NjOA==,small creator ,Sent,Script 2,alexxisalmc,,,,,
julie._dmr,https://www.instagram.com/julie._dmr?igsh=eDl2czQ0cnVyOG9u,small creator ,Talking - Cold,Script 2,alexxisalmc,,,,,
rose.clim.on,https://www.instagram.com/rose.clim.on?igsh=bWJyNGUyODVtdXdr,small creator ,Sent,Script 2,alexxisalmc,,,,,
luuna.by,https://www.instagram.com/luuna.by?igsh=MTl5NTh2YmV5dTBrbg==,small creator ,Talking - Cold,Script 2,alexxisalmc,,,,,
7gvlbin,https://www.instagram.com/7gvlbin?igsh=MWZuNG11ejM1ZDh6dA==,small creator ,Sent,Script 2,alexxisalmc,,,,,
czptt_,https://www.instagram.com/czptt_?igsh=cmE1YjY0b3J4NzE=,small creator ,Talking - Cold,Script 2,alexxisalmc,,,,,
k_tesoro_,https://www.instagram.com/k_tesoro_?igsh=MTh3azFiaDMxbmU5eg==,small creator ,Talking - Cold,Script 2,alexxisalmc,,,,,
iitss.4,https://www.instagram.com/iitss.4?igsh=MTBwdDNzOWRkdTBlZg==,small creator ,Sent,Script 2,alexxisalmc,,,,,
ii.mm2i,https://www.instagram.com/ii.mm2i?igsh=NTh6ZGNxMDg0dHc0,small creator ,Talking - Cold,Script 2,alexxisalmc,,,,,
pacina13,https://www.instagram.com/pacina13?igsh=MTkxbnN2bW51czEyNw==,small creator ,Sent,Script 2,alexxisalmc,,,,,
ehhmme,https://www.instagram.com/ehhmme?igsh=dW0zNDJia3MwOXJq,small creator ,Sent,Script 2,alexxisalmc,,,,,
lilyaiku,https://www.instagram.com/lilyaiku?igsh=MTRuYzduam1qd2dzMQ==,small creator ,Sent,Script 2,alexxisalmc,,,,,
sxylivr,https://www.instagram.com/sxylivr?igsh=MWZ3MXE2eTdoeXV3Yg==,small creator ,Talking - Cold,Script 2,alexxisalmc,,,,,
nanabeebzz,https://www.instagram.com/nanabeebzz?igsh=MWQ5YWpvNDYzNWx0NQ==,small creator ,Sent,Script 2,alexxisalmc,,,,,
shayana.ntb,https://www.instagram.com/shayana.ntb?igsh=cWZpenhxNXU1ZmJ2,small creator ,Sent,Script 2,alexxisalmc,,,,,
theyluv.roxa,https://www.instagram.com/theyluv.roxa?igsh=NTlvdmtwanU4MGtj,small creator ,Sent,Script 2,alexxisalmc,,,,,
nesss___b,https://www.instagram.com/nesss___b?igsh=MWwyZGk5cGN6czl4aQ==,small creator ,Talking - Cold,Script 2,alexxisalmc,,,,,
audrey.cbrp,https://www.instagram.com/audrey.cbrp?igsh=bjF3MmN5Z2Y5bTcw,small creator ,Sent,Script 2,alexxisalmc,,,,,
elviraaa_31k,https://www.instagram.com/elviraaa_31k?igsh=ZW12M3RjdG00b2Mz,small creator ,Sent,Script 2,alexxisalmc,,,,,
bbyxnina,https://www.instagram.com/bbyxnina?igsh=MWZ5MmZweWc3c3l2bA==,small creator ,Talking - Cold,Script 2,alexxisalmc,,,,,
chnlmhll,https://www.instagram.com/chnlmhll?igsh=M3NiNWllMGFvMzZ4,small creator ,Sent,Script 2,alexxisalmc,,,,,
diana_w.x,https://www.instagram.com/diana_w.x?igsh=MzlqZmt2Z3lhaDBv,small creator ,Talking - Cold,Script 2,alexxisalmc,,,,,
yss_bhf,https://www.instagram.com/yss_bhf?igsh=MXE5MDZyaGFwZnJxcg==,small creator ,Sent,Script 2,alexxisalmc,,,,,
bellucci.bysk,https://www.instagram.com/bellucci.bysk?igsh=MTdpYWswajN0YXd4ag==,small creator ,Sent,Script 2,alexxisalmc,,,,,
leilassmk,https://www.instagram.com/leilassmk?igsh=MTJ4MjI5MXoxeDhobQ==,small creator ,Sent,Script 2,alexxisalmc,,,,,
kz.zouu,https://www.instagram.com/kz.zouu?igsh=bjBuNGdzYm11YXAz,small creator ,Sent,Script 2,alexxisalmc,,,,,
n.ess0u,https://www.instagram.com/n.ess0u?igsh=bXFubXZoamF5aW54,small creator ,Sent,Script 2,alexxisalmc,,,,,
syrine_.94,https://www.instagram.com/syrine_.94?igsh=ZHkwbDcxMXJzejlx,small creator ,Talking - Cold,Script 2,alexxisalmc,,,,,
g.ilna_,https://www.instagram.com/g.ilna_?igsh=ajNxeGx6ZTU0cGg4,small creator ,Talking - Cold,Script 2,alexxisalmc,,,,,
kailya165,https://www.instagram.com/kailya165?igsh=aTdobGFobjduNWp4,small creator ,Sent,Script 2,alexxisalmc,,,,,
thxxssa,https://www.instagram.com/thxxssa?igsh=cDhpY3dxNXFoZXY1,small creator ,Talking - Cold,Script 2,alexxisalmc,,,,,
abk5.4,https://www.instagram.com/abk5.4?igsh=MTUydnR2eG94bTZheQ==,small creator ,Talking - Cold,Script 2,alexxisalmc,,,,,
zoe_uberdu,https://www.instagram.com/zoe_uberdu?igsh=aTBkbjM1eWMxbHox,small creator ,Sent,Script 2,alexxisalmc,,,,,
lasicili.enne_,https://www.instagram.com/lasicili.enne_?igsh=MWp2N3ZxZThvOXMxNQ==,small creator ,Sent,Script 2,alexxisalmc,,,,,
melisx.nm,https://www.instagram.com/melisx.nm?igsh=djR4M3B0b3B4OGo4,small creator ,Sent,Script 2,alexxisalmc,,,,,
camille.vnv,https://www.instagram.com/camille.vnv?igsh=MW12c3VueHNrZGxrdQ==,small creator ,Sent,Script 2,alexxisalmc,,,,,
kounouzll,https://www.instagram.com/kounouzll?igsh=bmJmcnJtdWd6NGc2,small creator ,Sent,Script 2,alexxisalmc,,,,,
empresssantana,https://www.instagram.com/empresssantana?igsh=MXRmcDRtaWltemgzOQ==,small creator ,Talking - Cold,Script 2,alexxisalmc,,,,,
uzerr.srnn,https://www.instagram.com/uzerr.srnn?igsh=d2wyNDRocnU1ZHR0,small creator ,Sent,Script 2,alexxisalmc,,,,,
c.xrlx29,https://www.instagram.com/c.xrlx29?igsh=aHR5dmlsZGF3eGRy,small creator ,Talking - Cold,Script 2,alexxisalmc,,,,,
sw8iegolden,https://www.instagram.com/sw8iegolden?igsh=MW9pYTJ3cm1ieTkwbQ==,small creator ,Sent,Script 2,alexxisalmc,,,,,
sisi92.z,https://www.instagram.com/sisi92.z?igsh=OXZwNG1rbzBjdzAx,small creator ,Sent,Script 2,alexxisalmc,,,,,
zizerr.s59,https://www.instagram.com/zizerr.s59?igsh=MzA0dXdrMDhsNmln,small creator ,Talking - Cold,Script 2,alexxisalmc,,,,,
feli_cia971,https://www.instagram.com/feli_cia971?igsh=eDRnNmY2eTFvdzVt,small creator ,Sent,Script 2,alexxisalmc,,,,,
s.lma13kk,https://www.instagram.com/s.lma13kk?igsh=cGJyaWZoeTd2cW9m,small creator ,Sent,Script 2,alexxisalmc,,,,,
mhk_972,https://www.instagram.com/mhk_972?igsh=MTJ4NTkwdDkzbGZkZA==,small creator ,Sent,Script 2,alexxisalmc,,,,,
dayana_gzlss,https://www.instagram.com/dayana_gzlss?igsh=MjVjaDBuMDdiYWpi,small creator ,Sent,Script 2,alexxisalmc,,,,,
selma._blkh,https://www.instagram.com/selma._blkh?igsh=MXZ1ajltZGR2OGU5MQ==,small creator ,Sent,Script 2,alexxisalmc,,,,,
missy.drl,https://www.instagram.com/missy.drl?igsh=MWltdGkwNXo5N3Mxeg==,small creator ,Talking - Cold,Script 2,alexxisalmc,,,,,
laura.ocl,https://www.instagram.com/laura.ocl?igsh=MTV1d2FoZTIxaWVlNw==,small creator ,Talking - Cold,Script 2,alexxisalmc,,,,,
benita.inco13,https://www.instagram.com/benita.inco13?igsh=eGk1dndycW51Zmp4,small creator ,Talking - Cold,Script 2,alexxisalmc,,,,,
ines_akrm,https://www.instagram.com/ines_akrm?igsh=MXVsbGVueHN3M2NmNQ==,small creator ,Talking - Cold,Script 2,alexxisalmc,,,,,
ranya_ykhm,https://www.instagram.com/ranya_ykhm?igsh=cXJqbnJvaTlxb2Fp,small creator ,Sent,Script 2,alexxisalmc,,,,,
kayna.ask,https://www.instagram.com/kayna.ask?igsh=MWt4M29sYnVqd3ZnNw==,small creator ,Talking - Cold,Script 2,alexxisalmc,,,,,
louise_rhr,https://www.instagram.com/louise_rhr/?__pwa=1,small creator ,Sent,Script 2,alexxisalmc,,,,,
vxe.userr,https://www.instagram.com/vxe.userr?igsh=cWwxMzV1b2s2NHk2,small creator ,Sent,Script 2,alexxisalmc,,,,,
divine_tkm,https://www.instagram.com/divine_tkm?igsh=czM4cDZzajU2dGw2,small creator ,Talking - Cold,Script 2,alexxisalmc,,,,,
elianee_lkk,https://www.instagram.com/elianee_lkk?igsh=Zm1teGM0dDU1Nzhi,small creator ,Talking - Cold,Script 2,alexxisalmc,,,,,
zahraaa92i,https://www.instagram.com/zahraaa92i?igsh=MTVpOGxxcmY3ZnBwMg==,small creator ,Talking - Cold,Script 2,alexxisalmc,,,,,
m.lllss932z,https://www.instagram.com/m.lllss932z?igsh=MTNybDlkam50amw0aw==,small creator ,Sent,Script 2,alexxisalmc,,,,,
userr_liliaa,https://www.instagram.com/userr_liliaa?igsh=MnlnNXVhb2c1Yzdk,small creator ,Sent,Script 2,alexxisalmc,,,,,
angelinaa.kzz,https://www.instagram.com/angelinaa.kzz?igsh=dnl1aHdudW1ld2h1,small creator ,Talking - Cold,Script 2,alexxisalmc,,,,,
jess.jtn,https://www.instagram.com/jess.jtn?igsh=MTBlOXNxa2F5NjgxeQ==,small creator ,Talking - Cold,Script 2,alexxisalmc,,,,,
d.a.n.a.tt_,https://www.instagram.com/d.a.n.a.tt_?igsh=bm5haXZjN285NWky,small creator ,Talking - Cold,Script 2,alexxisalmc,,,,,
222_.an,https://www.instagram.com/222_.an?igsh=MWZobTRqc2plNzBjNA==,small creator ,Talking - Cold,Script 2,alexxisalmc,,,,,
daphne_parry,https://www.instagram.com/daphne_parry?igsh=MTA1OXg1Z29mNHgwbg==,small creator ,Talking - Cold,Script 2,alexxisalmc,,,,,
_roszee_,https://www.instagram.com/_roszee_?igsh=MTVwdm9iNXN5NnVyZA==,small creator ,Sent,Script 2,alexxisalmc,,,,,
santcrys_,https://www.instagram.com/santcrys_?igsh=MTBxZTF4cDMwNnRrbQ==,small creator ,Talking - Cold,Script 2,alexxisalmc,,,,,
7mrn.ea,https://www.instagram.com/7mrn.ea?igsh=MXU4czhnd2N0eGEyYw==,small creator ,Sent,Script 2,alexxisalmc,,,,,
muneca.tdd,https://www.instagram.com/muneca.tdd?igsh=Y205NGtjaXVhODc2,small creator ,Talking - Cold,Script 2,alexxisalmc,,,,,
8flxrr,https://www.instagram.com/8flxrr?igsh=OWJudW1jYngyZjMx,small creator ,Sent,Script 2,alexxisalmc,,,,,
lxyy.aaaa,https://www.instagram.com/lxyy.aaaa?igsh=MTdlY3hmM3l4ZDgzMA==,small creator ,Talking - Cold,Script 2,alexxisalmc,,,,,
cam.lamm,https://www.instagram.com/cam.lamm?igsh=YnpoZW8za3R0M2Z2,small creator ,Talking - Cold,Script 2,alexxisalmc,,,,,
off.rr92,https://www.instagram.com/off.rr92?igsh=bjZianRjNWs3cDRz,small creator ,Talking - Cold,Script 2,alexxisalmc,,,,,
iamdolche_7,https://www.instagram.com/iamdolche_7?igsh=Y2R0ZzVlemp3emZ3,small creator ,Sent,Script 2,alexxisalmc,,,,,
nessfsy,https://www.instagram.com/nessfsy?igsh=a3p1b2R0dDA0ZHcx,small creator ,Sent,Script 2,alexxisalmc,,,,,
rd.trr,https://www.instagram.com/rd.trr?igsh=MXAyN2c0bnJxMXVnbg==,small creator ,Sent,Script 2,alexxisalmc,,,,,
aaa.f_y,https://www.instagram.com/aaa.f_y?igsh=Z2ZjOXBnZ21pejNm,small creator ,Sent,Script 2,alexxisalmc,,,,,
assly.zm_,https://www.instagram.com/assly.zm_?igsh=ZjJzdjMxcHhrMzF5,small creator ,Talking - Cold,Script 2,alexxisalmc,,,,,
lyaib2,https://www.instagram.com/lyaib2?igsh=MnltZHdua2Y2ZnVu,small creator ,Sent,Script 2,alexxisalmc,,,,,
nsk_69.i,https://www.instagram.com/nsk_69.i?igsh=MWE2c3VsNjFuendkNA==,small creator ,Sent,Script 2,alexxisalmc,,,,,
djxnaaa,https://www.instagram.com/djxnaaa?igsh=MXZhbzR5ajAwNHpjcg==,small creator ,Sent,Script 2,alexxisalmc,,,,,
k.an2y,https://www.instagram.com/k.an2y?igsh=MXV5ZTV0Mjl0czhpag==,small creator ,Talking - Cold,Script 2,alexxisalmc,,,,,
gabriella.sdo,https://www.instagram.com/gabriella.sdo?igsh=MWl3eXNvZ3dxNm1sOQ==,small creator ,Sent,Script 2,alexxisalmc,,,,,
ninonscrn,https://www.instagram.com/ninonscrn?igsh=MTBjaGMzeGpycjlqdg==,small creator ,Sent,Script 2,alexxisalmc,,,,,
leaa.drv,https://www.instagram.com/leaa.drv/,small creator ,Talking - Cold,Script 2,alexxisalmc,,,,,
_.roomy,https://www.instagram.com/_.roomy?igsh=MWp1a2RlcG5uNTU0bg==,small creator ,Sent,Script 2,alexxisalmc,,,,,
mxvmls,https://www.instagram.com/mxvmls?igsh=MXE0eDltZ3E5MDc0dA==,small creator ,Talking - Cold,Script 2,alexxisalmc,,,,,
nss.ii00,https://www.instagram.com/nss.ii00?igsh=aGFrZmU0eXJ5ZHEz,small creator ,Talking - Cold,Script 2,alexxisalmc,,,,,
mxls.kr,https://www.instagram.com/mxls.kr?igsh=c3RnMmF1bGFreWox,small creator ,Talking - Cold,Script 2,alexxisalmc,,,,,
karolina_lln,https://www.instagram.com/karolina_lln?igsh=MWt6dTA2dXFkcjVsaw==,small creator ,Sent,Script 2,alexxisalmc,,,,,
sab.a.m.r,https://www.instagram.com/sab.a.m.r?igsh=Z3NydG5qM3F2Zmtt,small creator ,Talking - Cold,Script 2,alexxisalmc,,,,,
_audreybd,https://www.instagram.com/_audreybd?igsh=dWJqNDEzbnd5bmU3,small creator ,Talking - Cold,Script 2,alexxisalmc,,,,,
44loss4,https://www.instagram.com/44loss4?igsh=a2Jxd2w4NHBhdzNt,small creator ,Sent,Script 2,alexxisalmc,,,,,
kelia_nd,https://www.instagram.com/kelia_nd?igsh=MXVjOHczN2txM2c2cw==,small creator ,Sent,Script 2,alexxisalmc,,,,,
bq_ayk,https://www.instagram.com/bq_ayk?igsh=MTdkbTdrZXJieDg3Ng==,small creator ,Sent,Script 2,alexxisalmc,,,,,
l_lslg,https://www.instagram.com/l_lslg?igsh=ZGowbXozaW1vZzd3,small creator ,Sent,Script 2,alexxisalmc,,,,,
kmtz.7,https://www.instagram.com/kmtz.7?igsh=Y2g3cm41azltMm9j,small creator ,Sent,Script 2,alexxisalmc,,,,,
__emm26,https://www.instagram.com/__emm26?igsh=YXc0YjRvenJ6NjFx,small creator ,Talking - Cold,Script 2,alexxisalmc,,,,,
leilx_a,https://www.instagram.com/leilx_a?igsh=bmw1ZmsxazE5bnFl,small creator ,Sent,Script 2,alexxisalmc,,,,,
shana_mmd,https://www.instagram.com/shana_mmd?igsh=MTdsMm55cjBkZmEwOQ==,small creator ,Talking - Cold,Script 2,alexxisalmc,,,,,
isaa.rys,https://www.instagram.com/isaa.rys?igsh=aTV0dDRpdXh0NDR5,small creator ,Talking - Cold,Script 2,alexxisalmc,,,,,
nnaaa677_,https://www.instagram.com/nnaaa677_?igsh=MWk0MDB2NWtnMm5wbg==,small creator ,Talking - Cold,Script 2,alexxisalmc,,,,,
lolaablss,https://www.instagram.com/lolaablss?igsh=MWduNmZzZmxxemdvcw==,small creator ,Sent,Script 2,alexxisalmc,pote gaby ,,,,
userrmell.08,https://www.instagram.com/userrmell.08?igsh=emRkZDM4cG9oODlr,small creator ,Talking - Cold,Script 2,alexxisalmc,,,,,
maciliia,https://www.instagram.com/maciliia?igsh=MW5xNmp5NHVudDdtNA==,small creator ,Sent,Script 2,alexxisalmc,,,,,
buuhny,https://www.instagram.com/buuhny?igsh=MXAxbjJtZjZ4dWZmaA==,small creator ,Sent,Script 2,alexxisalmc,,,,,
bigdeall.x,https://www.instagram.com/bigdeall.x?igsh=bmx1bml6ZzB6d3I0,small creator ,Talking - Cold,Script 2,alexxisalmc,,,,,
shkodraeliza,https://www.instagram.com/shkodraeliza?igsh=MXdtM3FxNWQ4emMyMg==,small creator ,Sent,Script 2,alexxisalmc,,,,,
vicxtoriaaa,https://www.instagram.com/vicxtoriaaa?igsh=aGdpdWw0NzF2cTd4,small creator ,Sent,Script 2,alexxisalmc,,,,,
liveyleen,https://www.instagram.com/liveyleen?igsh=djkwZ3BiMHE5cDgy,small creator ,Sent,Script 2,alexxisalmc,,,,,
vmx.rosee,https://www.instagram.com/vmx.rosee?igsh=Z2Nscjc0cWtlbm00,small creator ,Sent,Script 2,alexxisalmc,,,,,
mnll.v_,https://www.instagram.com/mnll.v_?igsh=MXN2NTEwZTJjMXV2Mg==,small creator ,Sent,Script 2,alexxisalmc,,,,,
miraa.sb,https://www.instagram.com/miraa.sb?igsh=MTIzd3VveXBnMXB5bg==,small creator ,Sent,Script 2,alexxisalmc,,,,,
aidacarlassaraa,https://www.instagram.com/aidacarlassaraa?igsh=MXhseTNuaHFyZHA2Mw==,small creator ,Sent,Script 2,alexxisalmc,,,,,
mimii.ylh,https://www.instagram.com/mimii.ylh?igsh=MTdvb2wyajBlbjA3YQ==,small creator ,Sent,Script 2,alexxisalmc,,,,,
ln.aa444,https://www.instagram.com/ln.aa444?igsh=amYydXFjaTl4NjYy,small creator ,Sent,Script 2,alexxisalmc,,,,,
shrn.94z,https://www.instagram.com/shrn.94z?igsh=cm1tbG53MDc4ZTRk,small creator ,Talking - Cold,Script 2,alexxisalmc,,,,,
bns.95i,https://www.instagram.com/bns.95i?igsh=aG45bnB3MjM0b3lm,small creator ,Sent,Script 2,alexxisalmc,,,,,
lt.mr0,https://www.instagram.com/lt.mr0?igsh=MWNkYjludjZmYW4ybQ==,small creator ,Talking - Cold,Script 2,alexxisalmc,,,,,
useerrr932z,https://www.instagram.com/useerrr932z?igsh=MXVhdjRwMDRzb3g2Yg==,small creator ,Talking - Cold,Script 2,alexxisalmc,,,,,
e.msxx.07,https://www.instagram.com/e.msxx.07?igsh=MXNtd3hlM3QzNzBucw==,small creator ,Talking - Cold,Script 2,alexxisalmc,,,,,
ninaaa.nrs,https://www.instagram.com/ninaaa.nrs?igsh=MTc3ZDI4cWM4cDFhcg==,small creator ,Sent,Script 2,alexxisalmc,,,,,
userrrr.dy1,https://www.instagram.com/userrrr.dy1?igsh=MTdlNnoxYmdrNXk4dQ==,small creator ,Sent,Script 2,alexxisalmc,,,,,
rmlk.jb,https://www.instagram.com/rmlk.jb?igsh=MTY2ZmNwZWtucXBzYw==,small creator ,Sent,Script 2,alexxisalmc,,,,,
coralyyyee.59,https://www.instagram.com/coralyyyee.59?igsh=MW81b3V4NXRjZHl4aQ==,small creator ,Talking - Cold,Script 2,alexxisalmc,,,,,
_aelmrn_,https://www.instagram.com/_aelmrn_?igsh=NTZscjdkdG9zYTNu,small creator ,Talking - Cold,Script 2,alexxisalmc,,,,,
linamaniii,https://www.instagram.com/linamaniii?igsh=dWQzY3E3ZHY2YXl6,small creator ,Sent,Script 2,alexxisalmc,,,,,
tsss.w7,https://www.instagram.com/tsss.w7?igsh=MXU1MGNtaXYxaDluaw==,small creator ,Talking - Cold,Script 2,alexxisalmc,,,,,
stievcynthia,https://www.instagram.com/stievcynthia?igsh=bWdkNWdwNWh0cTAy,small creator ,Sent,Script 2,alexxisalmc,,,,,
s2303__,https://www.instagram.com/s2303__?igsh=MWRrbHBraW9mOWFzYQ==,small creator ,Talking - Cold,Script 2,alexxisalmc,,,,,
6iss.a,https://www.instagram.com/6iss.a?igsh=dzRncGx5NG1pNGdi,small creator ,Sent,Script 2,alexxisalmc,,,,,
bdli.a_,https://www.instagram.com/bdli.a_?igsh=MWkxZ2htOXo0eTZ1dg==,small creator ,Talking - Cold,Script 2,alexxisalmc,,,,,
naissamrn,https://www.instagram.com/naissamrn?igsh=cWRqdTZsOXFtbjdh,small creator ,Sent,Script 2,alexxisalmc,,,,,
vvws.n,https://www.instagram.com/vvws.n?igsh=aDU4ZDU2N2hscG41,small creator ,Sent,Script 2,alexxisalmc,,,,,
mchvnte,https://www.instagram.com/mchvnte?igsh=YXpuOHo1cm5ncnUy,small creator ,Talking - Cold,Script 2,alexxisalmc,,,,,
linaaa97531,https://www.instagram.com/linaaa97531?igsh=azRoYW5hbWZtb28=,small creator ,Sent,Script 2,alexxisalmc,,,,,
ll.blk0,https://www.instagram.com/ll.blk0?igsh=MTl5ZG81b2JnZGFiYQ==,small creator ,Talking - Cold,Script 2,alexxisalmc,,,,,
dolce.barbi,https://www.instagram.com/dolce.barbi?igsh=MW52ZGJzNmc3cWR5Ng==,small creator ,Sent,Script 2,alexxisalmc,,,,,
srn2.04,https://www.instagram.com/srn2.04?igsh=d3p1a3hlbHVpa243,small creator ,Talking - Cold,Script 2,alexxisalmc,,,,,
srnb.s,https://www.instagram.com/srnb.s?igsh=MWJwNHlpaTJyNmloNw==,small creator ,Sent,Script 2,alexxisalmc,,,,,
ns.i03,https://www.instagram.com/ns.i03?igsh=MWxpZmNvbzVkNmk1dg==,small creator ,Sent,Script 2,alexxisalmc,,,,,
anthea_khs,https://www.instagram.com/anthea_khs?igsh=MWJnZmhnN2lkeTJrNA==,small creator ,Talking - Cold,Script 2,alexxisalmc,,,,,
seryne.at,https://www.instagram.com/seryne.at?igsh=c3lma3UxdzUzNnVi,small creator ,Sent,Script 2,alexxisalmc,,,,,
savannaa.fr,https://www.instagram.com/savannaa.fr?igsh=MWplenJhbGoyY2YwMQ==,small creator ,Sent,Script 2,alexxisalmc,,,,,
syaa.zz8,https://www.instagram.com/syaa.zz8?igsh=MXR4cWVndDhiMmJnZA==,small creator ,Talking - Cold,Script 2,alexxisalmc,,,,,
c_erise06,https://www.instagram.com/c_erise06?igsh=MTNidzhmZDF1NWxtcg==,small creator ,Sent,Script 2,alexxisalmc,,,,,
xbbrchl,https://www.instagram.com/xbbrchl?igsh=MXE5cDFhcmozZnc1dA==,small creator ,Talking - Cold,Script 2,alexxisalmc,,,,,
_man0nn12,https://www.instagram.com/_man0nn12?igsh=emp2aDlnNDI5b2xo,small creator ,Sent,Script 2,alexxisalmc,,,,,
maa5.91,https://www.instagram.com/maa5.91?igsh=cm00cGNwbnI4b21w,small creator ,Talking - Cold,Script 2,alexxisalmc,,,,,
adeledieu_,https://www.instagram.com/adeledieu_?igsh=MTZtMWcycGU4c3p5ZA==,small creator ,Talking - Cold,Script 2,alexxisalmc,,,,,
lolaalfb,https://www.instagram.com/lolaalfb?igsh=bm5teHk5ZWx5N21i,small creator ,Sent,Script 2,alexxisalmc,,,,,
raabbaabb,https://www.instagram.com/raabbaabb?igsh=Mml1am1hNWwwY2R1,small creator ,Sent,Script 2,alexxisalmc,,,,,
adrtinaa,https://www.instagram.com/adrtinaa?igsh=MWw1dmN3d2dqODFuMA==,small creator ,Talking - Cold,Script 2,alexxisalmc,,,,,
celiahouy,https://www.instagram.com/celiahouy?igsh=Y3l2eXRsN29qZm53,small creator ,Sent,Script 2,alexxisalmc,,,,,
lymc_.__,https://www.instagram.com/lymc_.__?igsh=dnBoYzZjdHo2bXhu,small creator ,Talking - Cold,Script 2,alexxisalmc,,,,,
legrosjulie_,https://www.instagram.com/legrosjulie_?igsh=bm1zcGxqcDB2OWYx,small creator ,Talking - Cold,Script 2,alexxisalmc,,,,,
mr.cch3,https://www.instagram.com/mr.cch3?igsh=aTh5ZXM5aGVwcmts,small creator ,Sent,Script 2,alexxisalmc,,,,,
maelys_6980,https://www.instagram.com/maelys_6980?igsh=MXViZGlmZG4xNTl4aw==,small creator ,Sent,Script 2,alexxisalmc,,,,,
ca.olina_,https://www.instagram.com/ca.olina_?igsh=d3l2c2toMnR6cDlp,small creator ,Sent,Script 2,alexxisalmc,,,,,
zek.77k,https://www.instagram.com/zek.77k?igsh=MTh2dXg4YjF0Ynh6aw==,small creator ,Sent,Script 2,alexxisalmc,,,,,
n.is4hcg_,https://www.instagram.com/n.is4hcg_?igsh=MTgwd3NuMmc2eXdtcg==,small creator ,Talking - Cold,Script 2,alexxisalmc,,,,,
khay_na7595,https://www.instagram.com/khay_na7595?igsh=MXFwYmRkbnZ0cHBhdw==,small creator ,Sent,Script 2,alexxisalmc,,,,,
anissaa.13k,https://www.instagram.com/anissaa.13k?igsh=MTV2cWZic3EzdGw5ZA==,small creator ,Sent,Script 2,alexxisalmc,,,,,
ss.ialk,https://www.instagram.com/ss.ialk?igsh=MW0zb3drMXloaWQ4Mw==,small creator ,Talking - Cold,Script 2,alexxisalmc,,,,,
ams_.m,https://www.instagram.com/ams_.m?igsh=N2VlOGRybW5vd2My,small creator ,Sent,Script 2,alexxisalmc,,,,,
l3arey,https://www.instagram.com/l3arey?igsh=b2F3M2d3ZHNndzl5,small creator ,Sent,Script 2,alexxisalmc,,,,,
swlimw,https://www.instagram.com/swlimw?igsh=MXVocm1oamJrcjlwYw==,small creator ,Sent,Script 2,alexxisalmc,,,,,
mae7lia,https://www.instagram.com/mae7lia?igsh=bDhteG9iNWxyejY2,small creator ,Talking - Cold,Script 2,alexxisalmc,,,,,
noonnss__,https://www.instagram.com/noonnss__?igsh=OGxpczNsZGJ2cmlz,small creator ,Sent,Script 2,alexxisalmc,,,,,
s.lvcia,https://www.instagram.com/s.lvcia?igsh=b2R2OXlsMnIxdmpz,small creator ,Talking - Cold,Script 2,alexxisalmc,,,,,
_222lina,https://www.instagram.com/_222lina?igsh=MTdhbDA3cW90MnVrdw==,small creator ,Sent,Script 2,alexxisalmc,,,,,
chachou_mscn,https://www.instagram.com/chachou_mscn?igsh=aDhncjJ5M2dudmdl,small creator ,Sent,Script 2,alexxisalmc,,,,,
miyhax,https://www.instagram.com/miyhax?igsh=MWhmeWcybDNndzc1Mg==,small creator ,Talking - Cold,Script 2,alexxisalmc,,,,,
digitalovaj,https://www.instagram.com/digitalovaj?igsh=MW55N2trYWZkb2Zxbg==,small creator ,Talking - Cold,Script 2,alexxisalmc,,,,,
elisa__jmt,https://www.instagram.com/elisa__jmt?igsh=MTZ6eDdrc3FkY3p2cA==,small creator ,Sent,Script 2,alexxisalmc,,,,,
emmy.rpv,https://www.instagram.com/emmy.rpv?igsh=MTNheGVnbmdoMGlqOA==,small creator ,Talking - Cold,Script 2,alexxisalmc,,,,,
mathilde_ms05,https://www.instagram.com/mathilde_ms05?igsh=ZWZmOXdmeWJ0a2M1,small creator ,Sent,Script 2,alexxisalmc,,,,,
yum1cy,https://www.instagram.com/yum1cy?igsh=MWQ0ZXFzcmV4bWZxaQ==,small creator ,Talking - Cold,Script 2,alexxisalmc,,,,,
mathilde.crrd,https://www.instagram.com/mathilde.crrd?igsh=MWE4bXplaHpxODc3aA==,small creator ,Talking - Cold,Script 2,alexxisalmc,,,,,
myngxn,https://www.instagram.com/myngxn?igsh=MTF0Mmp0bnpmdTZ5eQ==,small creator ,Sent,Script 2,alexxisalmc,,,,,
angel.rgr,https://www.instagram.com/angel.rgr?igsh=MTV4N29tcnA4anZicA==,small creator ,Sent,Script 2,alexxisalmc,,,,,
olivia_knc,https://www.instagram.com/olivia_knc?igsh=NDJ6MXEyNWk3N3U=,small creator ,Sent,Script 2,alexxisalmc,,,,,
lenaa.tln_,https://www.instagram.com/lenaa.tln_?igsh=eWxwaHZpNWUycTFv,small creator ,Sent,Script 2,alexxisalmc,,,,,
annaa_.922,https://www.instagram.com/annaa_.922?igsh=bjNqb2Y4cXI1aXpk,small creator ,Talking - Cold,Script 2,alexxisalmc,,,,,
jo_lba,https://www.instagram.com/jo_lba?igsh=MTk1Z2M2cm9yYTF3YQ==,small creator ,Talking - Cold,Script 2,alexxisalmc,,,,,
knz.92a,https://www.instagram.com/knz.92a?igsh=eXpndmdhcXN3dXll,small creator ,Sent,Script 2,alexxisalmc,,,,,
aurore.yz,https://www.instagram.com/aurore.yz?igsh=bzdnMWF3cXZwbmV1,small creator ,Sent,Script 2,alexxisalmc,,,,,
n_na92i,https://www.instagram.com/n_na92i?igsh=OWs0NW10NXJtdjlq,small creator ,Sent,Script 2,alexxisalmc,,,,,
nessl.7,https://www.instagram.com/nessl.7?igsh=ZWtnMDNkODBta3V6,small creator ,Talking - Cold,Script 2,alexxisalmc,,,,,
theyluvgiorgia,https://www.instagram.com/theyluvgiorgia?igsh=MXF0OXlnb21lbmQ2dA==,small creator ,Sent,Script 2,alexxisalmc,,,,,
catalayaaaa_,https://www.instagram.com/catalayaaaa_?igsh=MXN4empkZ2Z1NDltNQ==,small creator ,Sent,Script 2,alexxisalmc,,,,,
isabell.logg1,https://www.instagram.com/isabell.logg1?igsh=MXB4aHVzenJiM2tpYg==,small creator ,Sent,Script 2,alexxisalmc,,,,,
onlymia.ma,https://www.instagram.com/onlymia.ma?igsh=MTJ3ems4NmxsbzNncA==,small creator ,Sent,Script 2,alexxisalmc,,,,,
lz.ptn,https://www.instagram.com/lz.ptn?igsh=Y2w5NGh3cXF5NWV3,small creator ,Sent,Script 2,alexxisalmc,,,,,
celiiaa0504,https://www.instagram.com/celiiaa0504?igsh=d3g3ZmQ1ZmxlenA1,small creator ,Talking - Cold,Script 2,alexxisalmc,,,,,
eden.dsh,https://www.instagram.com/eden.dsh?igsh=ejg3bms1bDlhZ25z,small creator ,Sent,Script 2,alexxisalmc,,,,,
ebeccfrom,https://www.instagram.com/ebeccfrom?igsh=N29zeW1paWV1OWUx,small creator ,Talking - Cold,Script 2,alexxisalmc,,,,,
rosee.240,https://www.instagram.com/rosee.240?igsh=ZmF6djNnNmh6cmlh,small creator ,Talking - Cold,Script 2,alexxisalmc,,,,,
k_ainazz,https://www.instagram.com/k_ainazz?igsh=MWd4MjZmYTkyc2xqZg==,small creator ,Talking - Cold,Script 2,alexxisalmc,,,,,
liza91.2,https://www.instagram.com/liza91.2?igsh=anlnaDg5amh6Mjdl,small creator ,Sent,Script 2,alexxisalmc,,,,,
jlb_mlb,https://www.instagram.com/jlb_mlb?igsh=MTA5OHRmNGR1MzdoMQ==,small creator ,Talking - Cold,Script 2,alexxisalmc,,,,,
ochooo.04,https://www.instagram.com/ochooo.04?igsh=YnZoM3JjeDUxa3Zj,small creator ,Sent,Script 2,alexxisalmc,,,,,
its.3___,https://www.instagram.com/its.3___?igsh=MW51b3lreXZkdDY3dw==,small creator ,Sent,Script 2,alexxisalmc,,,,,
ssmdlll,https://www.instagram.com/ssmdlll?igsh=bnRpbHNiZXVhbmYz,small creator ,Talking - Cold,Script 2,alexxisalmc,,,,,
lbk9300,https://www.instagram.com/lbk9300?igsh=c3M3NjM4Zmd6MnZ6,small creator ,Sent,Script 2,alexxisalmc,,,,,
glaive.sh,https://www.instagram.com/glaive.sh?igsh=MWdoa2xoZWlhbmQ5ZA==,small creator ,Sent,Script 2,alexxisalmc,,,,,
a1iend0ll,https://www.instagram.com/a1iend0ll?igsh=OHVvZGx6anFoZ3Ry,small creator ,Sent,Script 2,alexxisalmc,,,,,
antinea_hfm,https://www.instagram.com/antinea_hfm?igsh=MWlmOWh1Yzgwd20zNw==,small creator ,Sent,Script 2,alexxisalmc,,,,,
vhl450_,https://www.instagram.com/vhl450_?igsh=MTBvOG1xOGZ6MW45ag==,small creator ,Sent,Script 2,alexxisalmc,,,,,
ftmm1333,https://www.instagram.com/ftmm1333?igsh=c3Q3OG91bWI3YWhx,small creator ,Talking - Cold,Script 2,alexxisalmc,,,,,
nrhn9_2,https://www.instagram.com/nrhn9_2?igsh=ZHp1eGh4N3RmNXN2,small creator ,Sent,Script 2,alexxisalmc,,,,,
hannaa.fkk,https://www.instagram.com/hannaa.fkk?igsh=MWxmdXV2MXlwbHUxMg==,small creator ,Talking - Cold,Script 2,alexxisalmc,,,,,
mayagreco_,https://www.instagram.com/mayagreco_?igsh=d2N4bGh5M2F2NWpr,small creator ,Talking - Cold,Script 2,alexxisalmc,,,,,
nissouux_,https://www.instagram.com/nissouux_?igsh=cmtscGRhdHVhMXc5,small creator ,Sent,Script 2,alexxisalmc,,,,,
n.slly92,https://www.instagram.com/n.slly92?igsh=OXcwMDVqYmpua2Zv,small creator ,Sent,Script 2,alexxisalmc,,,,,
_dkrr.hevi,https://www.instagram.com/_dkrr.hevi?igsh=MWFlczFib25ocmNicw==,small creator ,Talking - Cold,Script 2,alexxisalmc,,,,,
ism_userr,https://www.instagram.com/ism_userr?igsh=MThpdGIzbDVtMm5kaA==,small creator ,Sent,Script 2,alexxisalmc,,,,,
_saddaam,https://www.instagram.com/_saddaam?igsh=MWh4c2x2aGtkcGVoZg==,small creator ,Talking - Cold,Script 2,alexxisalmc,,,,,
th.zr__1,https://www.instagram.com/th.zr__1?igsh=MWpvZXN3emtob24wbw==,small creator ,Sent,Script 2,alexxisalmc,,,,,
shayynezz.0,https://www.instagram.com/shayynezz.0?igsh=MWs1dHZnZzQweHlraw==,small creator ,Sent,Script 2,alexxisalmc,,,,,
minaaaaa1.9,https://www.instagram.com/minaaaaa1.9?igsh=dHFjcWkyYXozbmE5,small creator ,Sent,Script 2,alexxisalmc,,,,,
_manoon.13,https://www.instagram.com/_manoon.13?igsh=dnBuZTVqNXZuZTRw,small creator ,Sent,Script 2,alexxisalmc,,,,,
liajj22,https://www.instagram.com/liajj22?igsh=OGZ6ajJ6ZDA2eTVi,small creator ,Sent,Script 2,alexxisalmc,,,,,
mn.9bk,https://www.instagram.com/mn.9bk?igsh=MW15cDNobWtxMWlrcg==,small creator ,Sent,Script 2,alexxisalmc,,,,,
liil.zn,https://www.instagram.com/liil.zn?igsh=MTk0ejlobjB2bGxjeA==,small creator ,Sent,Script 2,alexxisalmc,,,,,
brown_607,https://www.instagram.com/brown_607?igsh=MThvb2tlaDgzaXBoOA==,small creator ,Talking - Cold,Script 2,alexxisalmc,,,,,
leanalm.l,https://www.instagram.com/leanalm.l?igsh=c2tsbW5ydTJsZ2ts,small creator ,Sent,Script 2,alexxisalmc,,,,,
sk.k7593,https://www.instagram.com/sk.k7593?igsh=MW03enBybjcyeDZxeA==,small creator ,Sent,Script 2,alexxisalmc,,,,,
kssyllk,https://www.instagram.com/kssyllk?igsh=MTM0NzFuN3g2dTcyaA==,small creator ,Sent,Script 2,alexxisalmc,,,,,
inss_gy,https://www.instagram.com/inss_gy?igsh=MWJ0bzI5ZmdqNGMxaA==,small creator ,Talking - Cold,Script 2,alexxisalmc,,,,,
67solo,https://www.instagram.com/67solo?igsh=MW1zbW9nejJvb2V0bQ==,small creator ,Sent,Script 2,alexxisalmc,,,,,
7mvaa.e,https://www.instagram.com/7mvaa.e?igsh=dnE0OWl2aml4eXd3,small creator ,Sent,Script 2,alexxisalmc,,,,,
anais.anlh,https://www.instagram.com/anais.anlh?igsh=MWRhb2E5bzBhY20xbQ==,small creator ,Sent,Script 2,alexxisalmc,,,,,
sanouu.dz,https://www.instagram.com/sanouu.dz?igsh=cWlhcWNzNHo5cHY3,small creator ,Talking - Cold,Script 2,alexxisalmc,,,,,
zzkni_,https://www.instagram.com/zzkni_?igsh=YnZtMTUwNHViNTZk,small creator ,Talking - Cold,Script 2,alexxisalmc,,,,,
m.a.e.v.a.bnt,https://www.instagram.com/m.a.e.v.a.bnt?igsh=ZGF5ZDd5c3J2cjZn,small creator ,Sent,Script 2,alexxisalmc,,,,,
saana.albt,https://www.instagram.com/saana.albt?igsh=MXc4Ymw3enlkNDcxOA==,small creator ,Talking - Cold,Script 2,alexxisalmc,,,,,
__lnzz,https://www.instagram.com/__lnzz?igsh=OWlpNmpucGF3MHZz,small creator ,Talking - Cold,Script 2,alexxisalmc,,,,,
shaimaa.921,https://www.instagram.com/shaimaa.921?igsh=MTJjc3VwcTZqZHlvNQ==,small creator ,Talking - Cold,Script 2,alexxisalmc,,,,,
yn_djz,https://www.instagram.com/yn_djz?igsh=ejhod2libHIxYXMw,small creator ,Talking - Cold,Script 2,alexxisalmc,,,,,
elviira.13,https://www.instagram.com/elviira.13?igsh=eTl3Y2w2Mm0zc282,small creator ,Sent,Script 2,alexxisalmc,,,,,
user.dzk6,https://www.instagram.com/user.dzk6?igsh=MWdia3A3YmNhcGR0Mg==,small creator ,Sent,Script 2,alexxisalmc,,,,,
sherababe5,https://www.instagram.com/sherababe5?igsh=MW9jcThpbTA1dmRhdg==,small creator ,Talking - Cold,Script 2,alexxisalmc,,,,,
irs.nrm,https://www.instagram.com/irs.nrm?igsh=MWU4dXQ2eHpzeGhscw==,small creator ,Talking - Cold,Script 2,alexxisalmc,,,,,
kiyane._,https://www.instagram.com/kiyane._?igsh=MWp4ank3ZXpoOGk1MA==,small creator ,Talking - Cold,Script 2,alexxisalmc,,,,,
camilachrt,https://www.instagram.com/camilachrt?igsh=cnl1bWQ3cWwyaDAw,small creator ,Sent,Script 2,alexxisalmc,,,,,
777.seveen,https://www.instagram.com/777.seveen?igsh=NHlxMm9iODRya21x,small creator ,Talking - Cold,Script 2,alexxisalmc,,,,,
ilyaana.a,https://www.instagram.com/ilyaana.a?igsh=MXIzZW02aHpkNGY5MA==,small creator ,Sent,Script 2,alexxisalmc,,,,,
my.saa21,https://www.instagram.com/my.saa21?igsh=MTloeXZ4YjFmYTU4aw==,small creator ,Talking - Cold,Script 2,alexxisalmc,,,,,
icysha__,https://www.instagram.com/icysha__?igsh=NGthemtjMzB5MnVu,small creator ,Talking - Cold,Script 2,alexxisalmc,,,,,
leiilaa212_,https://www.instagram.com/leiilaa212_?igsh=aThuNTV0ZnpreXNs,small creator ,Sent,Script 2,alexxisalmc,,,,,
bellucci_92.13k,https://www.instagram.com/bellucci_92.13k?igsh=aTd5aGxsajZhYWVq,small creator ,Sent,Script 2,alexxisalmc,,,,,
_bibirr,https://www.instagram.com/_bibirr?igsh=a2FndXpqa2l2Mmg=,small creator ,Sent,Script 2,alexxisalmc,,,,,
nina_bellaaaaa,https://www.instagram.com/nina_bellaaaaa?igsh=MTlpcmVzeHQwd25veg==,small creator ,Talking - Cold,Script 2,alexxisalmc,,,,,
maria9bc,https://www.instagram.com/maria9bc?igsh=MXVtcWJhZ3MxeG11MA==,small creator ,Sent,Script 2,alexxisalmc,,,,,
vser0102,https://www.instagram.com/vser0102?igsh=MW0xbjdjem44NDA2OA==,small creator ,Sent,Script 2,alexxisalmc,,,,,
e_cbn1200,https://www.instagram.com/e_cbn1200?igsh=MWY0ZnVvOTRnYnZicg==,small creator ,Sent,Script 2,alexxisalmc,,,,,
liina__274,https://www.instagram.com/liina__274?igsh=MXAya3BzbWh0Nnl1bg==,small creator ,Sent,Script 2,alexxisalmc,,,,,
em.a9516,https://www.instagram.com/em.a9516?igsh=Z294bTRiM3h0ZWs0,small creator ,Sent,Script 2,alexxisalmc,,,,,
ss.smbb,https://www.instagram.com/ss.smbb?igsh=Y3ZiajJ1djMwM29r,small creator ,Talking - Cold,Script 2,alexxisalmc,,,,,
cmll9.1,https://www.instagram.com/cmll9.1?igsh=amZzYWs5YTc0ZHdv,small creator ,Talking - Cold,Script 2,alexxisalmc,,,,,
shay.msrt,https://www.instagram.com/shay.msrt?igsh=cGd1OTNhOGtneHRs,small creator ,Sent,Script 2,alexxisalmc,,,,,
e.lena.212,https://www.instagram.com/e.lena.212?igsh=MXRteWJsdHVudGlzYw==,small creator ,Sent,Script 2,alexxisalmc,,,,,
sarah_.mvl,https://www.instagram.com/sarah_.mvl?igsh=dXVjOXN1NmZzdHhz,small creator ,Talking - Cold,Script 2,alexxisalmc,,,,,
linss.93w,https://www.instagram.com/linss.93w?igsh=MWxxajVsZXJrdmp3dQ==,small creator ,Talking - Cold,Script 2,alexxisalmc,,,,,
ssrne.93,https://www.instagram.com/ssrne.93?igsh=MWwwZ2NoMmV4eTM5cw==,small creator ,Talking - Cold,Script 2,alexxisalmc,,,,,
meliissv,https://www.instagram.com/meliissv?igsh=eWFvZ3E4N3Q5ZWx4,small creator ,Sent,Script 2,alexxisalmc,,,,,
sh.nz94,https://www.instagram.com/sh.nz94?igsh=azR3M25nNHJ2ZjBu,small creator ,Sent,Script 2,alexxisalmc,,,,,
salvina1.3,https://www.instagram.com/salvina1.3?igsh=MTZ4NTFwbG1rczZ3cg==,small creator ,Sent,Script 2,alexxisalmc,,,,,
carlabk__,https://www.instagram.com/carlabk__?igsh=MWs1dmp4M2RpM3JkNA==,small creator ,Talking - Cold,Script 2,alexxisalmc,,,,,
noah.brison,https://www.instagram.com/noah.brison?igsh=cG40NTRpanQ3YmRp,small creator ,Talking - Cold,Script 2,alexxisalmc,,,,,
tally._.srr,https://www.instagram.com/tally._.srr?igsh=dXFqeGJlNmRqaHdq,small creator ,Talking - Cold,Script 2,alexxisalmc,,,,,
masajo.13,https://www.instagram.com/masajo.13?igsh=ZmNvdWhzc2Frcm1z,small creator ,Sent,Script 2,alexxisalmc,,,,,
salomeee_.mb,https://www.instagram.com/salomeee_.mb?igsh=MTh0ZGdpeHZ0OWZhaQ==,small creator ,Talking - Cold,Script 2,alexxisalmc,,,,,
dda_aa27,https://www.instagram.com/dda_aa27?igsh=MW9sbXU1ZXE0YzVkMQ==,small creator ,Sent,Script 2,alexxisalmc,,,,,
marjoriiie._,https://www.instagram.com/marjoriiie._?igsh=ajZ2ZzB4Z2xucGo4,small creator ,Sent,Script 2,alexxisalmc,,,,,
ella.malchiodi,https://www.instagram.com/ella.malchiodi?igsh=MTI2YmdoaWppcnRlMg==,small creator ,Sent,Script 2,alexxisalmc,,,,,
_ttonyaa,https://www.instagram.com/_ttonyaa?igsh=MWhudHB2cjVoa2k3,small creator ,Talking - Cold,Script 2,alexxisalmc,,,,,
liisaaswt,https://www.instagram.com/liisaaswt?igsh=bXQ4a3BvNHNsbGJ3,small creator ,Talking - Cold,Script 2,alexxisalmc,,,,,
sophiamgd,https://www.instagram.com/sophiamgd?igsh=MTI1ODA3emxzdjgyMA==,small creator ,Talking - Cold,Script 2,alexxisalmc,,,,,
mkrs.13,https://www.instagram.com/mkrs.13?igsh=MTB5c3UwOHExNWlnYg==,small creator ,Sent,Script 2,alexxisalmc,,,,,
slnn8_,https://www.instagram.com/slnn8_?igsh=dThjd3dyNDh2cTdu,small creator ,Talking - Cold,Script 2,alexxisalmc,,,,,
val_.drd,https://www.instagram.com/val_.drd?igsh=MWpibjU4bWljeTk0ZQ==,small creator ,Sent,Script 2,alexxisalmc,,,,,
meline_dbl3,https://www.instagram.com/meline_dbl3?igsh=MXZhcDlydHV2d2p3eg==,small creator ,Sent,Script 2,alexxisalmc,,,,,
alexandraa.bck,https://www.instagram.com/alexandraa.bck?igsh=MTYwa3VzYWZ0bndmOQ==,small creator ,Sent,Script 2,alexxisalmc,,,,,
xo.soraaa,https://www.instagram.com/xo.soraaa?igsh=ajBmdTZkaTBqOGVz,small creator ,Sent,Script 2,alexxisalmc,,,,,
romane.hm,https://www.instagram.com/romane.hm?igsh=MWY0cW5iY3diOHZlNw==,small creator ,Talking - Cold,Script 2,alexxisalmc,,,,,
manon_gdv,https://www.instagram.com/manon_gdv?igsh=MWJnNndieHlodTU2OA==,small creator ,Sent,Script 2,alexxisalmc,,,,,
emmaguglielmetti_,https://www.instagram.com/emmaguglielmetti_?igsh=amtwM2RwcGEwOTF5,small creator ,Sent,Script 2,alexxisalmc,,,,,
evaa.rig,https://www.instagram.com/evaa.rig?igsh=MXRkN2xqcXdjNDliOA==,small creator ,Sent,Script 2,alexxisalmc,,,,,
lea_rascol26,https://www.instagram.com/lea_rascol26?igsh=ODNlaHh5NHpzNA==,small creator ,Talking - Cold,Script 2,alexxisalmc,,,,,
multedoemma,https://www.instagram.com/multedoemma?igsh=dWFrdzA3dHdhdGlk,small creator ,Sent,Script 2,alexxisalmc,,,,,
pietri.elena,https://www.instagram.com/pietri.elena?igsh=MWI1eGs1Y3d5YTRtcQ==,small creator ,Sent,Script 2,alexxisalmc,,,,,
hanna_fiuk,https://www.instagram.com/hanna_fiuk?igsh=MTg5dHVndWYwZjBjeQ==,small creator ,Talking - Cold,Script 2,alexxisalmc,,,,,
nina_tms__,https://www.instagram.com/nina_tms__?igsh=MnpyZHFhMzBhc2cx,small creator ,Talking - Cold,Script 2,alexxisalmc,,,,,
charlotteejdy,https://www.instagram.com/charlotteejdy?igsh=MnpsaDNiZm95YWU4,small creator ,Talking - Cold,Script 2,alexxisalmc,,,,,
maarydnp,https://www.instagram.com/maarydnp?igsh=MW0yN3oyeDhlNG02Zw==,small creator ,Sent,Script 2,alexxisalmc,,,,,
emmalngv,https://www.instagram.com/emmalngv?igsh=Y214dTdtMjcyYmc2,small creator ,Sent,Script 2,alexxisalmc,,,,,
cesariemma_,https://www.instagram.com/cesariemma_?igsh=MWU0Y2E4cXVyamkwaQ==,small creator ,Talking - Cold,Script 2,alexxisalmc,,,,,
mzbtl,https://www.instagram.com/mzbtl?igsh=em00NTRydWJ4ZDQ1,small creator ,Sent,Script 2,alexxisalmc,,,,,
carla.bianchini,https://www.instagram.com/carla.bianchini?igsh=aDVsZ2kyYWV5cHRp,small creator ,Talking - Cold,Script 2,alexxisalmc,,,,,
laura.miniconi,https://www.instagram.com/laura.miniconi?igsh=MXMxYzZ1aHEwYnE4aA==,small creator ,Sent,Script 2,alexxisalmc,,,,,
a.olivia34,https://www.instagram.com/a.olivia34?igsh=MTllbjhrcHF5aHl0dA==,small creator ,Sent,Script 2,alexxisalmc,,,,,
lucianievaa,https://www.instagram.com/lucianievaa?igsh=MXU4bWFrbWxxNjU2dQ==,small creator ,Sent,Script 2,alexxisalmc,,,,,
emilie.giovanni,https://www.instagram.com/emilie.giovanni?igsh=Zm0xeDdyN3RhaWgy,small creator ,Sent,Script 2,alexxisalmc,,,,,
charlotte.armand,https://www.instagram.com/charlotte.armand?igsh=MWYyN3IwdXJyZTYzbQ==,small creator ,Talking - Cold,Script 2,alexxisalmc,,,,,
__sydny,https://www.instagram.com/__sydny?igsh=MXIwdWRkaTYzcXd2Mw==,small creator ,Sent,Script 2,alexxisalmc,,,,,
quiteri.e,https://www.instagram.com/quiteri.e?igsh=MXc5cjdkaW94d3JhMA==,small creator ,Sent,Script 2,alexxisalmc,,,,,
charloxxe_,https://www.instagram.com/charloxxe_?igsh=MWp3enY1MGIydWRleQ==,small creator ,Talking - Cold,Script 2,alexxisalmc,,,,,
fleur.rts,https://www.instagram.com/fleur.rts?igsh=NTRrdXpyMmFnZ3Zq,small creator ,Sent,Script 2,alexxisalmc,,,,,
ja.de_sousa,https://www.instagram.com/ja.de_sousa?igsh=MXB0czNzMWJyM3h2aA==,small creator ,Sent,Script 2,alexxisalmc,,,,,
gabrielle.ardn,https://www.instagram.com/gabrielle.ardn?igsh=MTBhaG9oaXdsajZjbw==,small creator ,Talking - Cold,Script 2,alexxisalmc,,,,,
mahi.94500,https://www.instagram.com/mahi.94500?igsh=ODV3ZnFybm05cjI0,small creator ,Talking - Cold,Script 2,alexxisalmc,,,,,
presilya_23,https://www.instagram.com/presilya_23?igsh=ejRpeWl3enhmNDQw,small creator ,Sent,Script 2,alexxisalmc,,,,,
moicemy_,https://www.instagram.com/moicemy_?igsh=YWpwZDBmb3VmZjgw,small creator ,Sent,Script 2,alexxisalmc,,,,,
_cristal_n_,https://www.instagram.com/_cristal_n_?igsh=MTJyOXYyNm44Mm12Mw==,small creator ,Sent,Script 2,alexxisalmc,,,,,
camilledptc,https://www.instagram.com/camilledptc?igsh=YnExOGd2ZnIwbmEz,small creator ,Sent,Script 2,alexxisalmc,,,,,
clh_evaa,https://www.instagram.com/clh_evaa?igsh=aWFoeDVrMG13M3Ix,small creator ,Sent,Script 2,alexxisalmc,,,,,
jade._lnr,https://www.instagram.com/jade._lnr?igsh=NHkydHBxdXM1dm5q,small creator ,Sent,Script 2,alexxisalmc,,,,,
margoo2.__,https://www.instagram.com/margoo2.__?igsh=MXU3ajNkdDM4ZGJ5dg==,small creator ,Talking - Cold,Script 2,alexxisalmc,,,,,
saayaarose,https://www.instagram.com/saayaarose?igsh=dGNmOXMyMHc3bGEz,small creator ,Sent,Script 2,alexxisalmc,,,,,
soniaa_gllo_,https://www.instagram.com/soniaa_gllo_?igsh=MTlucTF1N3V0dHM3MA==,small creator ,Talking - Cold,Script 2,alexxisalmc,,,,,
_yuki75,https://www.instagram.com/_yuki75?igsh=aG90bXdmdGxxN2Ns,small creator ,Talking - Cold,Script 2,alexxisalmc,,,,,
macairbi,https://www.instagram.com/macairbi?igsh=MWcweWZuaXdsdWN1OA==,small creator ,Sent,Script 2,alexxisalmc,,,,,
camillesto__,https://www.instagram.com/camillesto__?igsh=MTRjY2tidjEyOXJjaw==,small creator ,Sent,Script 2,alexxisalmc,,,,,
chloe.lv_,https://www.instagram.com/chloe.lv_?igsh=dHRpcXc2am5qd2J2,small creator ,Sent,Script 2,alexxisalmc,,,,,
salomebzl_,https://www.instagram.com/salomebzl_?igsh=bzNjYmZiZW04dzk5,small creator ,Talking - Cold,Script 2,alexxisalmc,,,,,
nell.jns,https://www.instagram.com/nell.jns?igsh=MXRnbnZicWQ5YXhsYg==,small creator ,Talking - Cold,Script 2,alexxisalmc,,,,,
chee_abl,https://www.instagram.com/chee_abl?igsh=MXgyMW9qMXBsM2ZrZw==,small creator ,Talking - Cold,Script 2,alexxisalmc,,,,,
cleaaaaa._,https://www.instagram.com/cleaaaaa._?igsh=eDUweWttdnF0OHd2,small creator ,Talking - Cold,Script 2,alexxisalmc,,,,,
lilooldc,https://www.instagram.com/lilooldc?igsh=ejMyYXhxcnBqejdx,small creator ,Sent,Script 2,alexxisalmc,,,,,
romanegmzv,https://www.instagram.com/romanegmzv?igsh=ejk1cGRvNjh3eHhm,small creator ,Sent,Script 2,alexxisalmc,,,,,
perrine_olvr,https://www.instagram.com/perrine_olvr?igsh=ZHp6bTJtZDBjdjVi,small creator ,Sent,Script 2,alexxisalmc,,,,,
laura.mrtx,https://www.instagram.com/laura.mrtx?igsh=MTR1bG9wbTZzbXlhMw==,small creator ,Sent,Script 2,alexxisalmc,,,,,
lyana.trh,https://www.instagram.com/lyana.trh?igsh=YTJtcDZwaGFpOTU4,small creator ,Sent,Script 2,alexxisalmc,,,,,
jujutht_,https://www.instagram.com/jujutht_?igsh=MWY5a3ZwZTBzNmtidw==,small creator ,Sent,Script 2,alexxisalmc,,,,,
351.mv,https://www.instagram.com/351.mv?igsh=YjVjaWFtM3o1aHlj,small creator ,Talking - Cold,Script 2,alexxisalmc,,,,,
_.mae_lys._,https://www.instagram.com/_.mae_lys._?igsh=MTIxOGx2cXAzamttZg==,small creator ,Sent,Script 2,alexxisalmc,,,,,
lisa.gmz_,https://www.instagram.com/lisa.gmz_?igsh=a29jbmNhMzc3YWY5,small creator ,Sent,Script 2,alexxisalmc,,,,,
ines.thly,https://www.instagram.com/ines.thly?igsh=dGpibWhzNWZrM284,small creator ,Talking - Cold,Script 2,alexxisalmc,,,,,
3daniaa,https://www.instagram.com/3daniaa?igsh=MTB4ZGJvNWdmZDY0ZA==,small creator ,Talking - Cold,Script 2,alexxisalmc,,,,,
txnii.fr,https://www.instagram.com/txnii.fr?igsh=eXczenFyaW9hdmVx,small creator ,Sent,Script 2,alexxisalmc,,,,,
melkabrz_,https://www.instagram.com/melkabrz_?igsh=MXN3d2E5emdqM3llcg==,small creator ,Talking - Cold,Script 2,alexxisalmc,,,,,
maya.bnrd,https://www.instagram.com/maya.bnrd?igsh=dm40cGdsN3kyZTk4,small creator ,Sent,Script 2,alexxisalmc,,,,,
msaaaaalli,https://www.instagram.com/msaaaaalli?igsh=MW52c3AzY2IycnRqbw==,small creator ,Sent,Script 2,alexxisalmc,,,,,
itszsaraaa,https://www.instagram.com/itszsaraaa?igsh=MWNubmZva2t2M2FpMg==,small creator ,Sent,Script 2,alexxisalmc,,,,,
lis_1a,https://www.instagram.com/lis_1a?igsh=MXJveDlleWpwbzQweA==,small creator ,Sent,Script 2,alexxisalmc,,,,,
ellachanss,https://www.instagram.com/ellachanss?igsh=MXE5ZHJtOXE0aWwwcg==,small creator ,Sent,Script 2,alexxisalmc,,,,,
xoxo.nashhh,https://www.instagram.com/xoxo.nashhh?igsh=MTZ1ZXZ4ZnZ5OW8zbg==,small creator ,Sent,Script 2,alexxisalmc,,,,,
sofiamvrie,https://www.instagram.com/sofiamvrie?igsh=MWdmcXpkZjRxdzU0ag==,small creator ,Sent,Script 2,alexxisalmc,,,,,
mihxou,https://www.instagram.com/mihxou?igsh=NHN4cThubnRyZTds,small creator ,Sent,Script 2,alexxisalmc,,,,,
92ii_nes,https://www.instagram.com/92ii_nes?igsh=MWZlejhlNGQ0YmwzeQ==,small creator ,Sent,Script 2,alexxisalmc,,,,,
celia.i__,https://www.instagram.com/celia.i__?igsh=dDg1NXk1bGZjbTFs,small creator ,Talking - Cold,Script 2,alexxisalmc,,,,,
o.gbt_,https://www.instagram.com/o.gbt_?igsh=YnJrcGZzaTBvbGw1,small creator ,Sent,Script 2,alexxisalmc,,,,,
noemiedlpp,https://www.instagram.com/noemiedlpp?igsh=MTlpN3pqaDl0MDl6eA==,small creator ,Sent,Script 2,alexxisalmc,,,,,
nanalmrq,https://www.instagram.com/nanalmrq?igsh=Zml2NzY5am5qMmk1,small creator ,Sent,Script 2,alexxisalmc,,,,,
li.gc_x,https://www.instagram.com/li.gc_x?igsh=NnRma3F3aGdsNGtm,small creator ,Talking - Cold,Script 2,alexxisalmc,,,,,
celeste__lfvr,https://www.instagram.com/celeste__lfvr?igsh=aDUxNjU4bGh0Y25p,small creator ,Sent,Script 2,alexxisalmc,,,,,
margotleguiader,https://www.instagram.com/margotleguiader?igsh=bDdlbnFkYmt2Mmg=,small creator ,Talking - Cold,Script 2,alexxisalmc,,,,,
k4in44,https://www.instagram.com/k4in44?igsh=d3VyOTJuemdpZzJm,small creator ,Sent,Script 2,alexxisalmc,,,,,
clara_dsb,https://www.instagram.com/clara_dsb?igsh=dWV0MWhsbzlqd2Rh,small creator ,Sent,Script 2,alexxisalmc,,,,,
_elenaibanezzzz_,https://www.instagram.com/_elenaibanezzzz_?igsh=MzY0MGNkMGV0bTU5,small creator ,Sent,Script 2,alexxisalmc,,,,,
cleobrm,https://www.instagram.com/cleobrm?igsh=MWh1M3p4cXYxemtubQ==,small creator ,Talking - Cold,Script 2,alexxisalmc,,,,,
lila4lk,https://www.instagram.com/lila4lk?igsh=MXA0aXg0enN0NmF3bQ==,small creator ,Sent,Script 2,alexxisalmc,,,,,
lilouu.chv,https://www.instagram.com/lilouu.chv?igsh=dnMyMjRrY21nZ2Jx,small creator ,Talking - Cold,Script 2,alexxisalmc,,,,,
lea.chavanac,https://www.instagram.com/lea.chavanac?igsh=MWx5NGQ4cjY4dXg4cw==,small creator ,Talking - Cold,Script 2,alexxisalmc,,,,,
barbara_lcmpe,https://www.instagram.com/barbara_lcmpe?igsh=MTh6Y3pkNGw1YndkZw==,small creator ,Talking - Cold,Script 2,alexxisalmc,,,,,
lucycng,https://www.instagram.com/lucycng?igsh=NmxyZHVqajRmM2V3,small creator ,Sent,Script 2,alexxisalmc,,,,,
elisee.mrlt,https://www.instagram.com/elisee.mrlt?igsh=MWNjbzUzN3hrYXMxMA==,small creator ,Sent,Script 2,alexxisalmc,,,,,
marie.nant,https://www.instagram.com/marie.nant?igsh=MjV3MzZja3Uxczhs,small creator ,Sent,Script 2,alexxisalmc,,,,,
cam_dup20,https://www.instagram.com/cam_dup20?igsh=MTR4cGZ1dnZ0aWpwMw==,small creator ,Talking - Cold,Script 2,alexxisalmc,,,,,
lucy.hfrd,https://www.instagram.com/lucy.hfrd?igsh=ZDd1MGNqbjBvZjc5,small creator ,Sent,Script 2,alexxisalmc,,,,,
cha.dtmbs,https://www.instagram.com/cha.dtmbs?igsh=cDlraTNoa3Qydnl6,small creator ,Sent,Script 2,alexxisalmc,,,,,
cand.dps,https://www.instagram.com/cand.dps?igsh=cnB3aTFyem9wcmg1,small creator ,Talking - Cold,Script 2,alexxisalmc,,,,,
lisamariecrp,https://www.instagram.com/lisamariecrp?igsh=MTQzYWFtYXd6YjZsOA==,small creator ,Talking - Cold,Script 2,alexxisalmc,,,,,
kheila_tch,https://www.instagram.com/kheila_tch?igsh=MTllazBwMm0zYml3dA==,small creator ,Sent,Script 2,alexxisalmc,,,,,
siham.mllt,https://www.instagram.com/siham.mllt?igsh=b2J0NmVqd2g3c2hq,small creator ,Sent,Script 2,alexxisalmc,,,,,
maia_frnd,https://www.instagram.com/maia_frnd?igsh=MTBjZDZybXhzNG10bg==,small creator ,Sent,Script 2,alexxisalmc,,,,,
blanchehnq_,https://www.instagram.com/blanchehnq_?igsh=eTZtd3J1cDZmOWh2,small creator ,Sent,Script 2,alexxisalmc,,,,,
meline_lglt,https://www.instagram.com/meline_lglt?igsh=MWdidW01eWduMWV6Yw==,small creator ,Talking - Cold,Script 2,alexxisalmc,,,,,
louise_jsee,https://www.instagram.com/louise_jsee?igsh=MWd4cDRmeXlyY3V5YQ==,small creator ,Sent,Script 2,alexxisalmc,,,,,
shanaa.grvl,https://www.instagram.com/shanaa.grvl?igsh=MW90cWFqb2U2NjBpdQ==,small creator ,Talking - Cold,Script 2,alexxisalmc,,,,,
soaahamed,https://www.instagram.com/soaahamed?igsh=MWZiOGZpN3QyNjFubQ==,small creator ,Sent,Script 2,alexxisalmc,,,,,
bigotlolaa,https://www.instagram.com/bigotlolaa?igsh=MXEyYjByYmNmbGJ4cw==,small creator ,Talking - Cold,Script 2,alexxisalmc,,,,,
lucia_cfmr,https://www.instagram.com/lucia_cfmr?igsh=aTlucGZ6aXI5MnVk,small creator ,Sent,Script 2,alexxisalmc,,,,,
emmadrdn,https://www.instagram.com/emmadrdn?igsh=MW9kZGp6d3Y0eW4wNA==,small creator ,Sent,Script 2,alexxisalmc,,,,,
dbsmanon_,https://www.instagram.com/dbsmanon_?igsh=MWZ5NjJ6bDd1YXBwdA==,small creator ,Talking - Cold,Script 2,alexxisalmc,,,,,
iiliiaannnaaa,https://www.instagram.com/iiliiaannnaaa?igsh=dWJ3a251ZGt5YmM=,small creator ,Sent,Script 2,alexxisalmc,,,,,
evfnt,https://www.instagram.com/evfnt?igsh=YmU0dGlzMGJoMDRu,small creator ,Sent,Script 2,alexxisalmc,,,,,
miaxpsq,https://www.instagram.com/miaxpsq?igsh=Z2psdTBtZ29qaWN2,small creator ,Sent,Script 2,alexxisalmc,,,,,
mel_clsn,https://www.instagram.com/mel_clsn?igsh=cDR0eXg4Zjk1ZjBm,small creator ,Sent,Script 2,alexxisalmc,,,,,
lola_lncl,https://www.instagram.com/lola_lncl?igsh=MWttM2dqcDlrY29leA==,small creator ,Talking - Cold,Script 2,alexxisalmc,,,,,
yseebizet_,https://www.instagram.com/yseebizet_?igsh=ODVhaTExaGY0MDBp,small creator ,Sent,Script 2,alexxisalmc,,,,,
lola__jcq,https://www.instagram.com/lola__jcq?igsh=MTVqaTdwb2kwM2NsOA==,small creator ,Sent,Script 2,alexxisalmc,,,,,
lea_nguy,https://www.instagram.com/lea_nguy?igsh=YjdnODBkem9zNzU4,small creator ,Sent,Script 2,alexxisalmc,,,,,
jade.bll._,https://www.instagram.com/jade.bll._?igsh=dWdudzVuOGQ2NzNr,small creator ,Sent,Script 2,alexxisalmc,,,,,
_helena_fa,https://www.instagram.com/_helena_fa?igsh=MW5nMDg2aG1zaXQ3bg==,small creator ,Talking - Cold,Script 2,alexxisalmc,,,,,
camille.stx,https://www.instagram.com/camille.stx?igsh=eHkxOXgzbDkya2Jk,small creator ,Talking - Cold,Script 2,alexxisalmc,,,,,
lrz_maria,https://www.instagram.com/lrz_maria?igsh=MTg0c29hMDhxZWE1eg==,small creator ,Sent,Script 2,alexxisalmc,,,,,
jj_esds,https://www.instagram.com/jj_esds?igsh=dGtlcm01d2p6cGU4,small creator ,Sent,Script 2,alexxisalmc,,,,,
mn.johanna,https://www.instagram.com/mn.johanna?igsh=MXhicnlrYnc4M2Jrdg==,small creator ,Talking - Cold,Script 2,alexxisalmc,,,,,
_danou.1504_,https://www.instagram.com/_danou.1504_?igsh=MWs4ZzNoZ3U5emlqcw==,small creator ,Sent,Script 2,alexxisalmc,,,,,
mil_a_dmv,https://www.instagram.com/mil_a_dmv?igsh=bmgxNHBmNHFqd2E3,small creator ,Sent,Script 2,alexxisalmc,,,,,
chloeprez,https://www.instagram.com/chloeprez?igsh=bndzeWJybTBqcnd2,small creator ,Sent,Script 2,alexxisalmc,,,,,
claraptnr,https://www.instagram.com/claraptnr?igsh=MWdoOHY3N21maWRuaw==,small creator ,Sent,Script 2,alexxisalmc,,,,,
paloma_evn,https://www.instagram.com/paloma_evn?igsh=MXdkZDNnMW5mdXI1Zw==,small creator ,Talking - Cold,Script 2,alexxisalmc,,,,,
tagliatelledeau,https://www.instagram.com/tagliatelledeau?igsh=MTFiM3htZ3U1ajk2cA==,small creator ,Sent,Script 2,alexxisalmc,,,,,
alice.dmnn,https://www.instagram.com/alice.dmnn?igsh=MWN2MWczYzk2NnJndQ==,small creator ,Talking - Cold,Script 2,alexxisalmc,,,,,
maelie.gg,https://www.instagram.com/maelie.gg?igsh=MW94MWc3ZG50OHl6eA==,small creator ,Sent,Script 2,alexxisalmc,,,,,
hera.t,https://www.instagram.com/hera.t?igsh=OWl6aGJwM2ptdGw0,small creator ,Sent,Script 2,alexxisalmc,,,,,
venus.matty,https://www.instagram.com/venus.matty?igsh=ZXd1b3p5NzNidGQ0,small creator ,Sent,Script 2,alexxisalmc,,,,,
mathildeebr,https://www.instagram.com/mathildeebr?igsh=ZnZ3YzgwY2VyOWRv,small creator ,Sent,Script 2,alexxisalmc,,,,,
anissa.dlp,https://www.instagram.com/anissa.dlp?igsh=dTJvOXRmdWJ3eDZl,small creator ,Sent,Script 2,alexxisalmc,,,,,
anaa.mesa,https://www.instagram.com/anaa.mesa?igsh=N3p5dHpwMWZveHI5,small creator ,Sent,Script 2,alexxisalmc,,,,,
itssassy____,https://www.instagram.com/itssassy____?igsh=MTY4N2E3NWxoeWgzZQ==,small creator ,Sent,Script 2,alexxisalmc,,,,,
itstisia_,https://www.instagram.com/itstisia_?igsh=YWM2N2RpZjQwY2Vt,small creator ,Sent,Script 2,alexxisalmc,,,,,
emzgt_,https://www.instagram.com/emzgt_?igsh=M2YyeXNjbGlibHQz,small creator ,Sent,Script 2,alexxisalmc,,,,,
mermetlilou,https://www.instagram.com/mermetlilou?igsh=MWQ2NGE4eGZsdDJ6ag==,small creator ,Talking - Cold,Script 2,alexxisalmc,,,,,
louna.chdd,https://www.instagram.com/louna.chdd?igsh=cHVxcGNkZHo1dTl4,small creator ,Talking - Cold,Script 2,alexxisalmc,,,,,
chhhhhharlotte,https://www.instagram.com/chhhhhharlotte?igsh=MTdwdGpyYzVjdzE1bg==,small creator ,Sent,Script 2,alexxisalmc,,,,,
ssarh.7,https://www.instagram.com/ssarh.7?igsh=c3Q0dXJtMzNlcjFt,small creator ,Sent,Script 2,alexxisalmc,,,,,
alex_ia.02,https://www.instagram.com/alex_ia.02?igsh=azkwNTNoM2Q2cGln,small creator ,Talking - Cold,Script 2,alexxisalmc,,,,,
lrl.dr,https://www.instagram.com/lrl.dr?igsh=MW84NXR2anJ3ZXptOA==,small creator ,Sent,Script 2,alexxisalmc,,,,,
lin.atbr,https://www.instagram.com/lin.atbr?igsh=MWhqbDJ2b2Z2MDQ0NA==,small creator ,Talking - Cold,Script 2,alexxisalmc,,,,,
meredith.14c,https://www.instagram.com/meredith.14c?igsh=MXB2cHZ0aGRhbGozNQ==,small creator ,Sent,Script 2,alexxisalmc,,,,,
oceane.tiel,https://www.instagram.com/oceane.tiel?igsh=MW5qZDM3MTBidHB1dw==,small creator ,Sent,Script 2,alexxisalmc,,,,,
zoe._.kung,https://www.instagram.com/zoe._.kung?igsh=a2trYWdqNWVkNG4z,small creator ,Talking - Cold,Script 2,alexxisalmc,,,,,
r4chmz,https://www.instagram.com/r4chmz?igsh=MWt4aGNrMW1udW14aQ==,small creator ,Sent,Script 2,alexxisalmc,,,,,
titia_crz,https://www.instagram.com/titia_crz?igsh=MW5ocjN2eXBub213OQ==,small creator ,Sent,Script 2,alexxisalmc,,,,,
shawtybabyyyy_,https://www.instagram.com/shawtybabyyyy_?igsh=MW9sb21xZmVoOXJqbQ==,small creator ,Talking - Cold,Script 2,alexxisalmc,,,,,
iris_winandy,https://www.instagram.com/iris_winandy?igsh=MWw4NXdjNGtob2pjbw==,small creator ,Talking - Cold,Script 2,alexxisalmc,,,,,
ila.nurxv,https://www.instagram.com/ila.nurxv?igsh=NDh4OGduZWQzZ2gy,small creator ,Talking - Cold,Script 2,alexxisalmc,,,,,
_trenchbaby7,https://www.instagram.com/_trenchbaby7?igsh=ZHBsY2kzNGYyOHNx,small creator ,Talking - Cold,Script 2,alexxisalmc,,,,,
zoee_ldx,https://www.instagram.com/zoee_ldx?igsh=aDk1MGxtb3Bka3Zn,small creator ,Sent,Script 2,alexxisalmc,,,,,
lucie.baudoul,https://www.instagram.com/lucie.baudoul?igsh=aGFkbzA2MDlrMmFl,small creator ,Sent,Script 2,alexxisalmc,,,,,
ysaline.dfft,https://www.instagram.com/ysaline.dfft?igsh=MXN2ZHV0eHJscDFmeA==,small creator ,Sent,Script 2,alexxisalmc,,,,,
charlotte_betot,https://www.instagram.com/charlotte_betot?igsh=b3JpczRxcDFvcnd3,small creator ,Sent,Script 2,alexxisalmc,,,,,
lauraa_a_,https://www.instagram.com/lauraa_a_?igsh=MTIwNGNvZTlwbmh5cg==,small creator ,Sent,Script 2,alexxisalmc,,,,,
ynes_leloux,https://www.instagram.com/ynes_leloux?igsh=d3I4cTI2YmN4c2Rz,small creator ,Sent,Script 2,alexxisalmc,,,,,
maurinne.vndh,https://www.instagram.com/maurinne.vndh?igsh=aGQwM3dmMGE0dm16,small creator ,Sent,Script 2,alexxisalmc,,,,,
maeva_spld,https://www.instagram.com/maeva_spld?igsh=MTQ0Nmhvd2lyYjlwdA==,small creator ,Sent,Script 2,alexxisalmc,,,,,
clara_houyoux,https://www.instagram.com/clara_houyoux?igsh=MWpkZXpxcDVmcndtdg==,small creator ,Sent,Script 2,alexxisalmc,,,,,
_._xlxxix_._,https://www.instagram.com/_._xlxxix_._?igsh=MTh0bXN5MTIyNmt1dA==,small creator ,Sent,Script 2,alexxisalmc,,,,,
38ind_,https://www.instagram.com/38ind_?igsh=MW9sdHZ2cWdvZHk0bA==,small creator ,Sent,Script 2,alexxisalmc,,,,,
b25yyaso,https://www.instagram.com/b25yyaso?igsh=MTkxeHhkbXo0NjN5cw==,small creator ,Sent,Script 2,alexxisalmc,,,,,
_fogz_,https://www.instagram.com/_fogz_?igsh=MTBveXFtOGtsdnowYQ==,small creator ,Sent,Script 2,alexxisalmc,,,,,
victoiredetourbee,https://www.instagram.com/victoiredetourbee?igsh=YjV4a3NwcHN4aWM2,small creator ,Talking - Cold,Script 2,alexxisalmc,,,,,
lola.dlas,https://www.instagram.com/lola.dlas?igsh=MWZ3Y2IyMnQwN2Z1MA==,small creator ,Talking - Cold,Script 2,alexxisalmc,,,,,
lucie_gvrn,https://www.instagram.com/lucie_gvrn?igsh=ZW43cWI4NHhtb2t4,small creator ,Talking - Cold,Script 2,alexxisalmc,,,,,
marie.pdv,https://www.instagram.com/marie.pdv?igsh=dGk3eGtoYXBxYzVh,small creator ,Sent,Script 2,alexxisalmc,,,,,
chloerallin,https://www.instagram.com/chloerallin?igsh=emV2NjAyZ3cwcWhq,small creator ,Talking - Cold,Script 2,alexxisalmc,,,,,
julie.lagulle,https://www.instagram.com/julie.lagulle?igsh=MXZsaXlpM2V6Z2VyaA==,small creator ,Sent,Script 2,alexxisalmc,,,,,
selena.zu,https://www.instagram.com/selena.zu?igsh=MTVpNWRkNWxpajB2aA==,small creator ,Sent,Script 2,alexxisalmc,,,,,
solene_vallart,https://www.instagram.com/solene_vallart?igsh=MTQ2dXVid3g5N3JmbA==,small creator ,Sent,Script 2,alexxisalmc,,,,,
noan_jhoo,https://www.instagram.com/noan_jhoo?igsh=eXFibmJxdjQ5czU3,small creator ,Talking - Cold,Script 2,alexxisalmc,,,,,
mathilde_lefranc,https://www.instagram.com/mathilde_lefranc?igsh=MWl0cDB0OWlreW9lcw==,small creator ,Sent,Script 2,alexxisalmc,,,,,
alice_dedecker,https://www.instagram.com/alice_dedecker?igsh=MXQzYW04cHg5M3hpcg==,small creator ,Sent,Script 2,alexxisalmc,,,,,
loane.jhn,https://www.instagram.com/loane.jhn?igsh=OGQ2OGp5Mjl3eDc1,small creator ,Sent,Script 2,alexxisalmc,,,,,
maelys_crc_,https://www.instagram.com/maelys_crc_/,small creator ,Sent,Script 2,alexxisalmc,,,,,
romyplln,https://www.instagram.com/romyplln/,small creator ,Sent,Script 2,alexxisalmc,,,,,
jade.frtr,https://www.instagram.com/jade.frtr/,small creator ,Sent,Script 2,alexxisalmc,,,,,
kellyy.k__,https://www.instagram.com/kellyy.k__/,small creator ,Sent,Script 2,alexxisalmc,,,,,
youna.lcv,https://www.instagram.com/youna.lcv/,small creator ,Sent,Script 2,alexxisalmc,,,,,
elora35005,https://www.instagram.com/elora35005/,small creator ,Sent,Script 2,alexxisalmc,,,,,
gallegosjeanne5,https://www.instagram.com/gallegosjeanne5/,small creator ,Sent,Script 2,alexxisalmc,,,,,
alais_cgn,https://www.instagram.com/alais_cgn/,small creator ,Sent,Script 2,alexxisalmc,,,,,
evaseynv,https://www.instagram.com/evaseynv/,small creator ,Sent,Script 2,alexxisalmc,,,,,
_eluane_,https://www.instagram.com/_eluane_/,small creator ,Sent,Script 2,alexxisalmc,,,,,
elo.kity_,https://www.instagram.com/elo.kity_/,small creator ,Sent,Script 2,alexxisalmc,,,,,
louna_p7,https://www.instagram.com/louna_p7/,small creator ,Sent,Script 2,alexxisalmc,,,,,
lea_ktrly,https://www.instagram.com/lea_ktrly/,small creator ,Sent,Script 2,alexxisalmc,,,,,
mallory_nunes,https://www.instagram.com/mallory_nunes/,small creator ,Sent,Script 2,alexxisalmc,,,,,
man.h_,https://www.instagram.com/man.h_?igsh=NjJiODhkYjNsbTFl,small creator ,Sent,Script 2,alexxisalmc,,,,,
cldmanon_,https://www.instagram.com/cldmanon_?igsh=MW42ZTkxeHNvZ2RxMg==,small creator ,Sent,Script 2,alexxisalmc,,,,,
clealbnn,https://www.instagram.com/clealbnn?igsh=MWd1ZmxycnlrdnlnMA==,small creator ,Sent,Script 2,alexxisalmc,,,,,
laureeee.v,https://www.instagram.com/laureeee.v?igsh=YjZ2dG1wNGltanNw,small creator ,Sent,Script 2,alexxisalmc,,,,,
s.wl24,https://www.instagram.com/s.wl24?igsh=aGpoMTEzZTBoYTdj,small creator ,Sent,Script 2,alexxisalmc,,,,,
ceciliagonca_,https://www.instagram.com/ceciliagonca_?igsh=eWRkdDN6NTZreDFo,small creator ,Sent,Script 2,alexxisalmc,,,,,
clxrx_dxbr,https://www.instagram.com/clxrx_dxbr?igsh=azRlNnJucm0zYXRu,small creator ,Sent,Script 2,alexxisalmc,,,,,
linaiaaaaa,https://www.instagram.com/linaiaaaaa/,small creator ,Sent,Script 2,alexxisalmc,,,,,
chiara_sbnn10,https://www.instagram.com/chiara_sbnn10?igsh=MWI4eTU5Mmxhdm1kdg==,small creator ,Sent,Script 2,alexxisalmc,,,,,
yanelcnm,https://www.instagram.com/yanelcnm?igsh=NGh5Z3Jobmh5NDg=,small creator ,Sent,Script 2,alexxisalmc,,,,,
leea.martiin,https://www.instagram.com/leea.martiin?igsh=MXR2Ym1ueXBra2h6NQ==,small creator ,Sent,Script 2,alexxisalmc,,,,,
selena_cpz,https://www.instagram.com/selena_cpz?igsh=bWk1Z3FneHNnanpv,small creator ,Sent,Script 2,alexxisalmc,,,,,
kaiiserrano,https://www.instagram.com/kaiiserrano?igsh=MXZ3ams4Y2wwMTl2Mg==,small creator ,Sent,Script 2,alexxisalmc,,,,,
romanebld38,https://www.instagram.com/romanebld38?igsh=MWp4ZWp0ZzQ5d3Vzcg==,small creator ,Sent,Script 2,alexxisalmc,,,,,
marine_roiland,https://www.instagram.com/marine_roiland?igsh=MW10aGY2YThtankyZA==,small creator ,Sent,Script 2,alexxisalmc,,,,,
okayy.man,https://www.instagram.com/okayy.man/,small creator ,Sent,Script 2,alexxisalmc,,,,,
madebyjulie.g,https://www.instagram.com/madebyjulie.g/,small creator ,Sent,Script 2,alexxisalmc,,,,,
c_drn.n,https://www.instagram.com/c_drn.n/,small creator ,Sent,Script 2,alexxisalmc,,,,,
user.lena2,https://www.instagram.com/user.lena2/,small creator ,Sent,Script 2,alexxisalmc,,,,,
elisabeth.sieee,https://www.instagram.com/elisabeth.sieee/,small creator ,Sent,Script 2,alexxisalmc,,,,,
adri_.sd,https://www.instagram.com/adri_.sd/,small creator ,Sent,Script 2,alexxisalmc,,,,,
socispurer,https://www.instagram.com/socispurer/,small creator ,Sent,Script 2,alexxisalmc,,,,,
l_dmt371,https://www.instagram.com/l_dmt371/,small creator ,Sent,Script 2,alexxisalmc,,,,,
louuferrari,https://www.instagram.com/louuferrari/	,small creator ,Sent,Script 2,alexxisalmc,,,,,
ilona.mld,https://www.instagram.com/ilona.mld/,small creator ,Sent,Script 2,alexxisalmc,,,,,
maellepztravel,https://www.instagram.com/maellepztravel/,small creator ,Sent,Script 2,alexxisalmc,,,,,
nadiaa_ake,https://www.instagram.com/nadiaa_ake/,small creator ,Sent,Script 2,alexxisalmc,,,,,
tayaannex,https://www.instagram.com/tayaannex/,small creator ,To send,,,,,,,
dencky.aubert,https://www.instagram.com/dencky.aubert/,small creator ,To send,,,,,,,
chanice.got,https://www.instagram.com/chanice.got/,small creator ,To send,,,,,,,
chaiwen_staelen,https://www.instagram.com/chaiwen_staelen/,small creator ,To send,,,,,,,
e.margauxx,https://www.instagram.com/e.margauxx/,small creator ,To send,,,,,,,
brendy.dmh,https://www.instagram.com/brendy.dmh/,small creator ,To send,,,,,,,
shaona_b95,https://www.instagram.com/shaona_b95/,small creator ,To send,,,,,,,
merine.capello,https://www.instagram.com/merine.capello/,small creator ,To send,,,,,,,
shaynahorme,https://www.instagram.com/shaynahorme/,small creator ,To send,,,,,,,
angelle_tm,https://www.instagram.com/angelle_tm/,small creator ,To send,,,,,,,
emmatck_design,https://www.instagram.com/emmatck_design/,small creator ,To send,,,,,,,
jeanne_brtrd,https://www.instagram.com/jeanne_brtrd/,small creator ,To send,,,,,,,
louise__sntr,https://www.instagram.com/louise__sntr/,small creator ,To send,,,,,,,
juju.huchard,https://www.instagram.com/juju.huchard/,small creator ,To send,,,,,,,
elisa_.tgn,https://www.instagram.com/elisa_.tgn/,small creator ,To send,,,,,,,
ines_ltxr,https://www.instagram.com/ines_ltxr/,small creator ,To send,,,,,,,
paulinedstrm,https://www.instagram.com/paulinedstrm/,small creator ,To send,,,,,,,
anaismurat_,https://www.instagram.com/anaismurat_/,small creator ,To send,,,,,,,
angelique_perrot,https://www.instagram.com/angelique_perrot/,small creator ,To send,,,,,,,
domitillerx,https://www.instagram.com/domitillerx/,small creator ,To send,,,,,,,
victoire.jgt,https://www.instagram.com/victoire.jgt/,small creator ,To send,,,,,,,